antecedents,consequents,antecedent support,consequent support,support,confidence,lift,leverage,conviction
frozenset({'shrimp'}),frozenset({'frozen vegetables'}),0.07145713904812692,0.09532062391681109,0.01666444474070124,0.23320895522388058,2.44657394843962,0.009853105663323458,1.1798251717289276
frozenset({'frozen vegetables'}),frozenset({'shrimp'}),0.09532062391681109,0.07145713904812692,0.01666444474070124,0.17482517482517482,2.4465739484396196,0.009853105663323458,1.1252680433569309
"frozenset({'mineral water', 'chocolate'})",frozenset({'shrimp'}),0.05265964538061592,0.07145713904812692,0.007598986801759766,0.14430379746835442,2.0194454940487434,0.0038360791995720395,1.0851314499289642
frozenset({'shrimp'}),"frozenset({'mineral water', 'chocolate'})",0.07145713904812692,0.05265964538061592,0.007598986801759766,0.10634328358208955,2.0194454940487434,0.0038360791995720395,1.0600718790730477
"frozenset({'shrimp', 'chocolate'})",frozenset({'spaghetti'}),0.017997600319957337,0.17411011865084655,0.006399146780429276,0.3555555555555556,2.0421303386081338,0.0032655824532909906,1.2815532641624796
"frozenset({'chocolate', 'spaghetti'})",frozenset({'shrimp'}),0.03919477403012932,0.07145713904812692,0.006399146780429276,0.163265306122449,2.284800487359123,0.0035984003625984117,1.1097219557717508
frozenset({'shrimp'}),"frozenset({'chocolate', 'spaghetti'})",0.07145713904812692,0.03919477403012932,0.006399146780429276,0.08955223880597014,2.2848004873591226,0.0035984003625984117,1.055310658032481
frozenset({'spaghetti'}),"frozenset({'shrimp', 'chocolate'})",0.17411011865084655,0.017997600319957337,0.006399146780429276,0.036753445635528334,2.0421303386081338,0.0032655824532909906,1.0194714896519361
"frozenset({'mineral water', 'shrimp'})",frozenset({'spaghetti'}),0.023596853752832957,0.17411011865084655,0.008532195707239034,0.36158192090395475,2.07674271722861,0.004423744700546614,1.2936505221132757
frozenset({'spaghetti'}),"frozenset({'mineral water', 'shrimp'})",0.17411011865084655,0.023596853752832957,0.008532195707239034,0.049004594180704436,2.07674271722861,0.004423744700546614,1.0267169959732692
"frozenset({'mineral water', 'shrimp'})",frozenset({'milk'}),0.023596853752832957,0.12958272230369283,0.007865617917610986,0.3333333333333333,2.5723593964334706,0.00480787337051678,1.3056259165444606
"frozenset({'mineral water', 'milk'})",frozenset({'shrimp'}),0.04799360085321957,0.07145713904812692,0.007865617917610986,0.1638888888888889,2.2935271558872303,0.004436132508022172,1.1105496011384528
frozenset({'shrimp'}),"frozenset({'mineral water', 'milk'})",0.07145713904812692,0.04799360085321957,0.007865617917610986,0.11007462686567164,2.2935271558872308,0.004436132508022172,1.069759811200575
frozenset({'milk'}),"frozenset({'mineral water', 'shrimp'})",0.12958272230369283,0.023596853752832957,0.007865617917610986,0.06069958847736626,2.5723593964334706,0.00480787337051678,1.039500392280664
"frozenset({'shrimp', 'chocolate'})",frozenset({'milk'}),0.017997600319957337,0.12958272230369283,0.005465937874950006,0.3037037037037037,2.3437052278616064,0.003133759830556121,1.250067366904271
"frozenset({'chocolate', 'milk'})",frozenset({'shrimp'}),0.03212904946007199,0.07145713904812692,0.005465937874950006,0.17012448132780084,2.3807905493280486,0.003170087920197495,1.118894147447007
frozenset({'shrimp'}),"frozenset({'chocolate', 'milk'})",0.07145713904812692,0.03212904946007199,0.005465937874950006,0.07649253731343282,2.380790549328048,0.003170087920197495,1.0480380393725282
frozenset({'milk'}),"frozenset({'shrimp', 'chocolate'})",0.12958272230369283,0.017997600319957337,0.005465937874950006,0.04218106995884774,2.343705227861607,0.003133759830556121,1.0252484774317954
"frozenset({'mineral water', 'frozen vegetables'})",frozenset({'shrimp'}),0.03572856952406346,0.07145713904812692,0.007199040127982935,0.2014925373134328,2.8197677656493645,0.004645978767511263,1.1628480688556169
"frozenset({'mineral water', 'shrimp'})",frozenset({'frozen vegetables'}),0.023596853752832957,0.09532062391681109,0.007199040127982935,0.30508474576271183,3.200616332819722,0.004949773305789152,1.301855687534345
frozenset({'frozen vegetables'}),"frozenset({'mineral water', 'shrimp'})",0.09532062391681109,0.023596853752832957,0.007199040127982935,0.07552447552447553,3.2006163328197226,0.004949773305789152,1.0561698178013985
frozenset({'shrimp'}),"frozenset({'mineral water', 'frozen vegetables'})",0.07145713904812692,0.03572856952406346,0.007199040127982935,0.1007462686567164,2.8197677656493645,0.004645978767511263,1.0723018396993818
"frozenset({'shrimp', 'frozen vegetables'})",frozenset({'spaghetti'}),0.01666444474070124,0.17411011865084655,0.005999200106652446,0.36,2.067656967840735,0.003097751655598477,1.2904529396080522
"frozenset({'shrimp', 'spaghetti'})",frozenset({'frozen vegetables'}),0.021197173710171976,0.09532062391681109,0.005999200106652446,0.2830188679245283,2.969125214408233,0.003978672283325828,1.2617896561160267
"frozenset({'frozen vegetables', 'spaghetti'})",frozenset({'shrimp'}),0.027862951606452472,0.07145713904812692,0.005999200106652446,0.21531100478468898,3.0131489680782684,0.00400819329941894,1.183325963042326
frozenset({'shrimp'}),"frozenset({'frozen vegetables', 'spaghetti'})",0.07145713904812692,0.027862951606452472,0.005999200106652446,0.08395522388059701,3.013148968078269,0.00400819329941894,1.0612331118919378
frozenset({'frozen vegetables'}),"frozenset({'shrimp', 'spaghetti'})",0.09532062391681109,0.021197173710171976,0.005999200106652446,0.06293706293706293,2.969125214408233,0.003978672283325828,1.044543314622727
frozenset({'spaghetti'}),"frozenset({'shrimp', 'frozen vegetables'})",0.17411011865084655,0.01666444474070124,0.005999200106652446,0.03445635528330781,2.067656967840735,0.003097751655598477,1.018426832013199
"frozenset({'shrimp', 'chocolate'})",frozenset({'frozen vegetables'}),0.017997600319957337,0.09532062391681109,0.005332622317024397,0.29629629629629634,3.1084175084175087,0.0036170798255206645,1.2855970081182158
"frozenset({'chocolate', 'frozen vegetables'})",frozenset({'shrimp'}),0.022930275963204905,0.07145713904812692,0.005332622317024397,0.23255813953488375,3.2545123221103784,0.0036940903991097415,1.2099194854827438
frozenset({'shrimp'}),"frozenset({'chocolate', 'frozen vegetables'})",0.07145713904812692,0.022930275963204905,0.005332622317024397,0.07462686567164178,3.2545123221103784,0.0036940903991097415,1.0558656695236335
frozenset({'frozen vegetables'}),"frozenset({'shrimp', 'chocolate'})",0.09532062391681109,0.017997600319957337,0.005332622317024397,0.055944055944055944,3.1084175084175087,0.0036170798255206645,1.040195134475897
"frozenset({'mineral water', 'shrimp'})",frozenset({'ground beef'}),0.023596853752832957,0.09825356619117451,0.005065991201173177,0.21468926553672316,2.1850531625386167,0.0027475161690657395,1.148267041612677
frozenset({'ground beef'}),"frozenset({'mineral water', 'shrimp'})",0.09825356619117451,0.023596853752832957,0.005065991201173177,0.051560379918588875,2.1850531625386167,0.0027475161690657395,1.0294837178600316
"frozenset({'shrimp', 'ground beef'})",frozenset({'spaghetti'}),0.011465137981602452,0.17411011865084655,0.005999200106652446,0.5232558139534884,3.005315360233627,0.0040030035723273155,1.732354385268956
"frozenset({'shrimp', 'spaghetti'})",frozenset({'ground beef'}),0.021197173710171976,0.09825356619117451,0.005999200106652446,0.2830188679245283,2.880494610993062,0.00391650219645424,1.2576989734702038
"frozenset({'spaghetti', 'ground beef'})",frozenset({'shrimp'}),0.03919477403012932,0.07145713904812692,0.005999200106652446,0.1530612244897959,2.142000456899177,0.0031984536888215813,1.096351811726308
frozenset({'shrimp'}),"frozenset({'spaghetti', 'ground beef'})",0.07145713904812692,0.03919477403012932,0.005999200106652446,0.08395522388059701,2.1420004568991775,0.0031984536888215813,1.0488627314049912
frozenset({'ground beef'}),"frozenset({'shrimp', 'spaghetti'})",0.09825356619117451,0.021197173710171976,0.005999200106652446,0.06105834464043419,2.880494610993062,0.00391650219645424,1.0424532990976927
frozenset({'spaghetti'}),"frozenset({'shrimp', 'ground beef'})",0.17411011865084655,0.011465137981602452,0.005999200106652446,0.03445635528330781,3.0053153602336264,0.0040030035723273155,1.0238116810436377
frozenset({'olive oil'}),frozenset({'ground beef'}),0.0658578856152513,0.09825356619117451,0.014131449140114652,0.2145748987854251,2.183889166607156,0.007660677016605759,1.1480998409834016
frozenset({'ground beef'}),frozenset({'olive oil'}),0.09825356619117451,0.0658578856152513,0.014131449140114652,0.14382632293080055,2.183889166607156,0.007660677016605759,1.0910661462782247
"frozenset({'mineral water', 'olive oil'})",frozenset({'spaghetti'}),0.027596320490601255,0.17411011865084655,0.010265297960271964,0.3719806763285024,2.13646788142427,0.005460499325326592,1.3150708110713443
"frozenset({'mineral water', 'spaghetti'})",frozenset({'olive oil'}),0.05972536995067324,0.0658578856152513,0.010265297960271964,0.171875,2.6097861842105265,0.0063319113777319585,1.1280206664268664
frozenset({'olive oil'}),"frozenset({'mineral water', 'spaghetti'})",0.0658578856152513,0.05972536995067324,0.010265297960271964,0.15587044534412955,2.6097861842105265,0.0063319113777319585,1.1138984826004015
frozenset({'spaghetti'}),"frozenset({'mineral water', 'olive oil'})",0.17411011865084655,0.027596320490601255,0.010265297960271964,0.058958652373660034,2.13646788142427,0.005460499325326592,1.033327262359052
"frozenset({'mineral water', 'olive oil'})",frozenset({'milk'}),0.027596320490601255,0.12958272230369283,0.008532195707239034,0.3091787439613526,2.3859565416194504,0.004956189372501743,1.2599746607212277
"frozenset({'mineral water', 'milk'})",frozenset({'olive oil'}),0.04799360085321957,0.0658578856152513,0.008532195707239034,0.17777777777777776,2.6994152046783624,0.005371438631983673,1.136118787765235
"frozenset({'olive oil', 'milk'})",frozenset({'mineral water'}),0.017064391414478068,0.23836821757099053,0.008532195707239034,0.5,2.0975950782997765,0.004464587141836183,1.523263564858019
frozenset({'mineral water'}),"frozenset({'olive oil', 'milk'})",0.23836821757099053,0.017064391414478068,0.008532195707239034,0.035794183445190156,2.0975950782997765,0.004464587141836183,1.0194250975353325
frozenset({'olive oil'}),"frozenset({'mineral water', 'milk'})",0.0658578856152513,0.04799360085321957,0.008532195707239034,0.12955465587044535,2.699415204678363,0.005371438631983673,1.093700374833743
frozenset({'milk'}),"frozenset({'mineral water', 'olive oil'})",0.12958272230369283,0.027596320490601255,0.008532195707239034,0.06584362139917696,2.385956541619451,0.004956189372501743,1.040943145906537
"frozenset({'olive oil', 'milk'})",frozenset({'spaghetti'}),0.017064391414478068,0.17411011865084655,0.007199040127982935,0.421875,2.4230355091883613,0.004227956914103672,1.4285662812525897
"frozenset({'spaghetti', 'milk'})",frozenset({'olive oil'}),0.03546193840821224,0.0658578856152513,0.007199040127982935,0.20300751879699247,3.0825089038385434,0.004863591844599807,1.1720839737091657
"frozenset({'olive oil', 'spaghetti'})",frozenset({'milk'}),0.022930275963204905,0.12958272230369283,0.007199040127982935,0.313953488372093,2.4228036175710597,0.0042276725454959115,1.2687438285064816
frozenset({'milk'}),"frozenset({'olive oil', 'spaghetti'})",0.12958272230369283,0.022930275963204905,0.007199040127982935,0.05555555555555556,2.4228036175710597,0.0042276725454959115,1.0345444136860185
frozenset({'olive oil'}),"frozenset({'spaghetti', 'milk'})",0.0658578856152513,0.03546193840821224,0.007199040127982935,0.10931174089068825,3.0825089038385434,0.004863591844599807,1.0829131873325981
frozenset({'spaghetti'}),"frozenset({'olive oil', 'milk'})",0.17411011865084655,0.017064391414478068,0.007199040127982935,0.04134762633996937,2.4230355091883613,0.004227956914103672,1.025330594898316
"frozenset({'mineral water', 'chocolate'})",frozenset({'olive oil'}),0.05265964538061592,0.0658578856152513,0.008265564591387815,0.1569620253164557,2.383344437041972,0.0047975116893715156,1.1080664720179452
"frozenset({'chocolate', 'olive oil'})",frozenset({'mineral water'}),0.01639781362485002,0.23836821757099053,0.008265564591387815,0.5040650406504065,2.1146486968225386,0.004356846985571013,1.5357493317830846
frozenset({'mineral water'}),"frozenset({'chocolate', 'olive oil'})",0.23836821757099053,0.01639781362485002,0.008265564591387815,0.03467561521252797,2.114648696822539,0.004356846985571013,1.0189343622472584
frozenset({'olive oil'}),"frozenset({'mineral water', 'chocolate'})",0.0658578856152513,0.05265964538061592,0.008265564591387815,0.12550607287449392,2.3833444370419716,0.0047975116893715156,1.083301238847166
"frozenset({'chocolate', 'olive oil'})",frozenset({'spaghetti'}),0.01639781362485002,0.17411011865084655,0.007065724570057326,0.43089430894308944,2.4748378341363813,0.004210699294220221,1.4512065057992267
"frozenset({'chocolate', 'spaghetti'})",frozenset({'olive oil'}),0.03919477403012932,0.0658578856152513,0.007065724570057326,0.18027210884353742,2.7372896527031867,0.004484439625265447,1.1395758573822246
frozenset({'olive oil'}),"frozenset({'chocolate', 'spaghetti'})",0.0658578856152513,0.03919477403012932,0.007065724570057326,0.10728744939271255,2.7372896527031862,0.004484439625265447,1.0762761488188575
frozenset({'spaghetti'}),"frozenset({'chocolate', 'olive oil'})",0.17411011865084655,0.01639781362485002,0.007065724570057326,0.04058192955589587,2.4748378341363813,0.004210699294220221,1.0252070673630853
"frozenset({'chocolate', 'olive oil'})",frozenset({'milk'}),0.01639781362485002,0.12958272230369283,0.005199306759098787,0.3170731707317073,2.4468784502659844,0.003074433429762136,1.2745395851981642
"frozenset({'chocolate', 'milk'})",frozenset({'olive oil'}),0.03212904946007199,0.0658578856152513,0.005199306759098787,0.16182572614107887,2.457195894300066,0.0030833554948306147,1.1144962849837845
frozenset({'olive oil'}),"frozenset({'chocolate', 'milk'})",0.0658578856152513,0.03212904946007199,0.005199306759098787,0.07894736842105264,2.457195894300066,0.0030833554948306147,1.0508313177290647
frozenset({'milk'}),"frozenset({'chocolate', 'olive oil'})",0.12958272230369283,0.01639781362485002,0.005199306759098787,0.04012345679012346,2.4468784502659844,0.003074433429762136,1.0247173903072302
"frozenset({'mineral water', 'olive oil'})",frozenset({'ground beef'}),0.027596320490601255,0.09825356619117451,0.006665777896280496,0.24154589371980675,2.4583931462581687,0.0039543409943243405,1.1889268267415725
"frozenset({'mineral water', 'ground beef'})",frozenset({'olive oil'}),0.040927876283162246,0.0658578856152513,0.006665777896280496,0.16286644951140067,2.4729984570546892,0.003970354501548841,1.1158818253545442
frozenset({'olive oil'}),"frozenset({'mineral water', 'ground beef'})",0.0658578856152513,0.040927876283162246,0.006665777896280496,0.10121457489878544,2.4729984570546892,0.003970354501548841,1.0670757412525176
frozenset({'ground beef'}),"frozenset({'mineral water', 'olive oil'})",0.09825356619117451,0.027596320490601255,0.006665777896280496,0.067842605156038,2.458393146258169,0.0039543409943243405,1.043175417464959
"frozenset({'olive oil', 'ground beef'})",frozenset({'spaghetti'}),0.014131449140114652,0.17411011865084655,0.0061325156645780565,0.4339622641509434,2.4924586090323326,0.003672087378084291,1.4590721237168378
"frozenset({'spaghetti', 'ground beef'})",frozenset({'olive oil'}),0.03919477403012932,0.0658578856152513,0.0061325156645780565,0.1564625850340136,2.3757608306480487,0.0035512307197861775,1.107410409794823
"frozenset({'olive oil', 'spaghetti'})",frozenset({'ground beef'}),0.022930275963204905,0.09825356619117451,0.0061325156645780565,0.2674418604651163,2.7219557603104985,0.0038795342774454056,1.2309554493263333
frozenset({'ground beef'}),"frozenset({'olive oil', 'spaghetti'})",0.09825356619117451,0.022930275963204905,0.0061325156645780565,0.06241519674355496,2.721955760310499,0.0038795342774454056,1.0421134393851201
frozenset({'olive oil'}),"frozenset({'spaghetti', 'ground beef'})",0.0658578856152513,0.03919477403012932,0.0061325156645780565,0.0931174089068826,2.3757608306480487,0.0035512307197861775,1.0594593339935627
frozenset({'spaghetti'}),"frozenset({'olive oil', 'ground beef'})",0.17411011865084655,0.014131449140114652,0.0061325156645780565,0.03522205206738132,2.4924586090323326,0.003672087378084291,1.0218605773198493
"frozenset({'mineral water', 'frozen vegetables'})",frozenset({'olive oil'}),0.03572856952406346,0.0658578856152513,0.006532462338354886,0.18283582089552236,2.776217596229379,0.004179454293442561,1.1431510806169527
"frozenset({'mineral water', 'olive oil'})",frozenset({'frozen vegetables'}),0.027596320490601255,0.09532062391681109,0.006532462338354886,0.23671497584541062,2.4833552920509443,0.003901963851382496,1.1852444990456967
"frozenset({'frozen vegetables', 'olive oil'})",frozenset({'mineral water'}),0.011331822423676844,0.23836821757099053,0.006532462338354886,0.5764705882352941,2.4184037373338594,0.0038313160253920548,1.7982972640684944
frozenset({'mineral water'}),"frozenset({'frozen vegetables', 'olive oil'})",0.23836821757099053,0.011331822423676844,0.006532462338354886,0.027404921700223715,2.41840373733386,0.0038313160253920548,1.0165259928156791
frozenset({'frozen vegetables'}),"frozenset({'mineral water', 'olive oil'})",0.09532062391681109,0.027596320490601255,0.006532462338354886,0.06853146853146853,2.4833552920509443,0.003901963851382496,1.043946893166997
frozenset({'olive oil'}),"frozenset({'mineral water', 'frozen vegetables'})",0.0658578856152513,0.03572856952406346,0.006532462338354886,0.09919028340080972,2.7762175962293796,0.004179454293442561,1.0704496329328375
"frozenset({'frozen vegetables', 'olive oil'})",frozenset({'spaghetti'}),0.011331822423676844,0.17411011865084655,0.005732568990801226,0.5058823529411764,2.9055310332402486,0.0037595840440845275,1.6714438074923343
"frozenset({'frozen vegetables', 'spaghetti'})",frozenset({'olive oil'}),0.027862951606452472,0.0658578856152513,0.005732568990801226,0.20574162679425836,3.1240241752707125,0.003897573911000197,1.1761186861832076
"frozenset({'olive oil', 'spaghetti'})",frozenset({'frozen vegetables'}),0.022930275963204905,0.09532062391681109,0.005732568990801226,0.25,2.6227272727272726,0.003546840779403878,1.2062391681109186
frozenset({'frozen vegetables'}),"frozenset({'olive oil', 'spaghetti'})",0.09532062391681109,0.022930275963204905,0.005732568990801226,0.060139860139860134,2.6227272727272726,0.003546840779403878,1.039590554592721
frozenset({'olive oil'}),"frozenset({'frozen vegetables', 'spaghetti'})",0.0658578856152513,0.027862951606452472,0.005732568990801226,0.08704453441295547,3.124024175270713,0.003897573911000197,1.064824172741491
frozenset({'spaghetti'}),"frozenset({'frozen vegetables', 'olive oil'})",0.17411011865084655,0.011331822423676844,0.005732568990801226,0.032924961715160794,2.905531033240248,0.0037595840440845275,1.0223282976363246
"frozenset({'olive oil', 'eggs'})",frozenset({'mineral water'}),0.011998400213304892,0.23836821757099053,0.005865884548726837,0.48888888888888893,2.050981854337559,0.003005847276177957,1.4901491395350188
frozenset({'mineral water'}),"frozenset({'olive oil', 'eggs'})",0.23836821757099053,0.011998400213304892,0.005865884548726837,0.024608501118568233,2.050981854337559,0.003005847276177957,1.0129282456528732
"frozenset({'olive oil', 'eggs'})",frozenset({'spaghetti'}),0.011998400213304892,0.17411011865084655,0.005065991201173177,0.4222222222222222,2.4250297770971585,0.0029769483164143193,1.4294247946427656
"frozenset({'eggs', 'spaghetti'})",frozenset({'olive oil'}),0.036528462871617116,0.0658578856152513,0.005065991201173177,0.1386861313868613,2.105839416058394,0.002660303871673263,1.084554827717886
frozenset({'olive oil'}),"frozenset({'eggs', 'spaghetti'})",0.0658578856152513,0.036528462871617116,0.005065991201173177,0.07692307692307693,2.1058394160583944,0.002660303871673263,1.0437608318890814
frozenset({'spaghetti'}),"frozenset({'olive oil', 'eggs'})",0.17411011865084655,0.011998400213304892,0.005065991201173177,0.02909647779479326,2.4250297770971585,0.0029769483164143193,1.0176104805374004
"frozenset({'pancakes', 'olive oil'})",frozenset({'spaghetti'}),0.010798560191974404,0.17411011865084655,0.005065991201173177,0.4691358024691358,2.6944775301079535,0.003185852604890205,1.5557460555646843
"frozenset({'pancakes', 'spaghetti'})",frozenset({'olive oil'}),0.025196640447940274,0.0658578856152513,0.005065991201173177,0.20105820105820105,3.0529100529100526,0.003406593736664112,1.1692242358855465
"frozenset({'olive oil', 'spaghetti'})",frozenset({'pancakes'}),0.022930275963204905,0.09505399280095987,0.005065991201173177,0.22093023255813954,2.3242604129293194,0.0028863769148426747,1.1615724868524993
frozenset({'pancakes'}),"frozenset({'olive oil', 'spaghetti'})",0.09505399280095987,0.022930275963204905,0.005065991201173177,0.05329593267882188,2.3242604129293194,0.0028863769148426747,1.032075130723311
frozenset({'olive oil'}),"frozenset({'pancakes', 'spaghetti'})",0.0658578856152513,0.025196640447940274,0.005065991201173177,0.07692307692307693,3.052910052910053,0.003406593736664112,1.0560369728480647
frozenset({'spaghetti'}),"frozenset({'pancakes', 'olive oil'})",0.17411011865084655,0.010798560191974404,0.005065991201173177,0.02909647779479326,2.6944775301079535,0.003185852604890205,1.018846277909528
"frozenset({'mineral water', 'milk'})",frozenset({'frozen smoothie'}),0.04799360085321957,0.06332489001466471,0.0061325156645780565,0.1277777777777778,2.0178128654970764,0.003093326169140209,1.0738950305564354
"frozenset({'mineral water', 'frozen smoothie'})",frozenset({'milk'}),0.020263964804692707,0.12958272230369283,0.0061325156645780565,0.3026315789473684,2.3354315572882824,0.0035066559405197563,1.248145530281497
frozenset({'milk'}),"frozenset({'mineral water', 'frozen smoothie'})",0.12958272230369283,0.020263964804692707,0.0061325156645780565,0.04732510288065844,2.335431557288283,0.0035066559405197563,1.028405427872396
frozenset({'frozen smoothie'}),"frozenset({'mineral water', 'milk'})",0.06332489001466471,0.04799360085321957,0.0061325156645780565,0.0968421052631579,2.017812865497076,0.003093326169140209,1.0540863393816333
"frozenset({'spaghetti', 'milk'})",frozenset({'frozen smoothie'}),0.03546193840821224,0.06332489001466471,0.005599253432875617,0.15789473684210525,2.4934072022160665,0.0033536300834687625,1.1123016931075858
"frozenset({'milk', 'frozen smoothie'})",frozenset({'spaghetti'}),0.014264764698040262,0.17411011865084655,0.005599253432875617,0.3925233644859813,2.254454637832577,0.003115613558773419,1.3595418046824526
"frozenset({'spaghetti', 'frozen smoothie'})",frozenset({'milk'}),0.01559792027729636,0.12958272230369283,0.005599253432875617,0.358974358974359,2.7702331961591224,0.0035780324610675826,1.3578509532062393
frozenset({'milk'}),"frozenset({'spaghetti', 'frozen smoothie'})",0.12958272230369283,0.01559792027729636,0.005599253432875617,0.04320987654320988,2.7702331961591224,0.0035780324610675826,1.0288589478392127
frozenset({'spaghetti'}),"frozenset({'milk', 'frozen smoothie'})",0.17411011865084655,0.014264764698040262,0.005599253432875617,0.03215926493108729,2.254454637832577,0.003115613558773419,1.0184890959686388
frozenset({'frozen smoothie'}),"frozenset({'spaghetti', 'milk'})",0.06332489001466471,0.03546193840821224,0.005599253432875617,0.08842105263157896,2.4934072022160665,0.0033536300834687625,1.0580960259956103
frozenset({'salmon'}),frozenset({'olive oil'}),0.04252766297826956,0.0658578856152513,0.005732568990801226,0.1347962382445141,2.0467744596601216,0.002931787026894392,1.0796787481475898
frozenset({'olive oil'}),frozenset({'salmon'}),0.0658578856152513,0.04252766297826956,0.005732568990801226,0.08704453441295547,2.046774459660122,0.002931787026894392,1.048761273810942
frozenset({'salmon'}),frozenset({'ground beef'}),0.04252766297826956,0.09825356619117451,0.008932142381015865,0.21003134796238246,2.137646053006555,0.004753647831624495,1.1414964777183148
frozenset({'ground beef'}),frozenset({'salmon'}),0.09825356619117451,0.04252766297826956,0.008932142381015865,0.09090909090909093,2.137646053006555,0.004753647831624495,1.0532195707239034
frozenset({'salmon'}),frozenset({'grated cheese'}),0.04252766297826956,0.0523930142647647,0.005199306759098787,0.12225705329153606,2.333460958625476,0.0029711543060312044,1.0795951016055
frozenset({'grated cheese'}),frozenset({'salmon'}),0.0523930142647647,0.04252766297826956,0.005199306759098787,0.09923664122137406,2.333460958625476,0.0029711543060312044,1.0629565775410736
"frozenset({'mineral water', 'salmon'})",frozenset({'spaghetti'}),0.017064391414478068,0.17411011865084655,0.006799093454206106,0.39843750000000006,2.2884224253445637,0.0038280102403268424,1.372907854710281
"frozenset({'mineral water', 'spaghetti'})",frozenset({'salmon'}),0.05972536995067324,0.04252766297826956,0.006799093454206106,0.11383928571428571,2.6768290976265114,0.004259113049691406,1.0804725616769149
"frozenset({'salmon', 'spaghetti'})",frozenset({'mineral water'}),0.013464871350486601,0.23836821757099053,0.006799093454206106,0.504950495049505,2.1183633464017544,0.0035894960705679184,1.5384962005065992
frozenset({'mineral water'}),"frozenset({'salmon', 'spaghetti'})",0.23836821757099053,0.013464871350486601,0.006799093454206106,0.028523489932885907,2.1183633464017544,0.0035894960705679184,1.0155007541884455
frozenset({'salmon'}),"frozenset({'mineral water', 'spaghetti'})",0.04252766297826956,0.05972536995067324,0.006799093454206106,0.15987460815047022,2.6768290976265114,0.004259113049691406,1.1192074887527435
frozenset({'spaghetti'}),"frozenset({'mineral water', 'salmon'})",0.17411011865084655,0.017064391414478068,0.006799093454206106,0.03905053598774885,2.2884224253445637,0.0038280102403268424,1.0228796054284397
frozenset({'avocado'}),frozenset({'frozen smoothie'}),0.03332888948140248,0.06332489001466471,0.005065991201173177,0.152,2.4003200000000002,0.0029554429404524494,1.104569705171386
frozenset({'frozen smoothie'}),frozenset({'avocado'}),0.06332489001466471,0.03332888948140248,0.005065991201173177,0.08,2.40032,0.0029554429404524494,1.0507294679549972
frozenset({'burgers'}),frozenset({'almonds'}),0.0871883748833489,0.020397280362618318,0.005199306759098787,0.05963302752293578,2.923577382023146,0.0034209010322420507,1.0417238677119474
frozenset({'almonds'}),frozenset({'burgers'}),0.020397280362618318,0.0871883748833489,0.005199306759098787,0.25490196078431376,2.923577382023146,0.0034209010322420507,1.2250892863407685
"frozenset({'green tea', 'french fries'})",frozenset({'burgers'}),0.028529529396080524,0.0871883748833489,0.005465937874950006,0.19158878504672894,2.197412043785189,0.0029784945707190154,1.1291427039015223
frozenset({'burgers'}),"frozenset({'green tea', 'french fries'})",0.0871883748833489,0.028529529396080524,0.005465937874950006,0.06269113149847094,2.197412043785189,0.0029784945707190154,1.0364464727160903
"frozenset({'green tea', 'eggs'})",frozenset({'burgers'}),0.025463271563791495,0.0871883748833489,0.005999200106652446,0.23560209424083767,2.7022191267592097,0.0037790988397920756,1.194157673953975
frozenset({'burgers'}),"frozenset({'green tea', 'eggs'})",0.0871883748833489,0.025463271563791495,0.005999200106652446,0.06880733944954127,2.7022191267592097,0.0037790988397920756,1.0465468315226278
"frozenset({'burgers', 'french fries'})",frozenset({'eggs'}),0.021997067057725635,0.17970937208372217,0.009065457938941474,0.4121212121212121,2.293264994155202,0.00511237883031407,1.395339727898823
"frozenset({'french fries', 'eggs'})",frozenset({'burgers'}),0.036395147313691506,0.0871883748833489,0.009065457938941474,0.2490842490842491,2.856851609145187,0.0058922241910206305,1.2155979202772964
frozenset({'burgers'}),"frozenset({'french fries', 'eggs'})",0.0871883748833489,0.036395147313691506,0.009065457938941474,0.1039755351681957,2.856851609145187,0.0058922241910206305,1.0754224806430814
frozenset({'eggs'}),"frozenset({'burgers', 'french fries'})",0.17970937208372217,0.021997067057725635,0.009065457938941474,0.05044510385756676,2.2932649941552015,0.00511237883031407,1.0299593387548327
"frozenset({'french fries', 'spaghetti'})",frozenset({'burgers'}),0.027596320490601255,0.0871883748833489,0.005599253432875617,0.20289855072463767,2.3271284846873197,0.003193175096540032,1.145163675146344
frozenset({'burgers'}),"frozenset({'french fries', 'spaghetti'})",0.0871883748833489,0.027596320490601255,0.005599253432875617,0.06422018348623852,2.3271284846873193,0.003193175096540032,1.039137265358083
"frozenset({'eggs', 'spaghetti'})",frozenset({'burgers'}),0.036528462871617116,0.0871883748833489,0.007199040127982935,0.19708029197080293,2.260396437420478,0.0040141828132198906,1.1368653876452837
frozenset({'burgers'}),"frozenset({'eggs', 'spaghetti'})",0.0871883748833489,0.036528462871617116,0.007199040127982935,0.08256880733944953,2.260396437420478,0.0040141828132198906,1.0501839754699371
"frozenset({'burgers', 'milk'})",frozenset({'spaghetti'}),0.01786428476203173,0.17411011865084655,0.006399146780429276,0.3582089552238806,2.0573701172544627,0.0032887940408994217,1.2868516755905413
"frozenset({'spaghetti', 'milk'})",frozenset({'burgers'}),0.03546193840821224,0.0871883748833489,0.006399146780429276,0.18045112781954886,2.069669586811064,0.0033072780004038387,1.1137976710138955
"frozenset({'burgers', 'spaghetti'})",frozenset({'milk'}),0.021463804826023197,0.12958272230369283,0.006399146780429276,0.2981366459627329,2.300743807990185,0.00361780852007805,1.2401520505230572
frozenset({'milk'}),"frozenset({'burgers', 'spaghetti'})",0.12958272230369283,0.021463804826023197,0.006399146780429276,0.04938271604938272,2.3007438079901847,0.00361780852007805,1.0293692442739237
frozenset({'burgers'}),"frozenset({'spaghetti', 'milk'})",0.0871883748833489,0.03546193840821224,0.006399146780429276,0.07339449541284404,2.0696695868110644,0.0033072780004038387,1.0409371159752958
frozenset({'spaghetti'}),"frozenset({'burgers', 'milk'})",0.17411011865084655,0.01786428476203173,0.006399146780429276,0.036753445635528334,2.0573701172544627,0.0032887940408994217,1.0196098919720085
"frozenset({'french fries', 'milk'})",frozenset({'burgers'}),0.023730169310758567,0.0871883748833489,0.005599253432875617,0.23595505617977527,2.7062673951139056,0.0035302585349638576,1.194709332873264
frozenset({'burgers'}),"frozenset({'french fries', 'milk'})",0.0871883748833489,0.023730169310758567,0.005599253432875617,0.06422018348623852,2.706267395113905,0.0035302585349638576,1.043268740638503
"frozenset({'mineral water', 'burgers'})",frozenset({'milk'}),0.024396747100386616,0.12958272230369283,0.006932409012131715,0.28415300546448086,2.192830960894106,0.003771012107508893,1.2159264260948413
frozenset({'milk'}),"frozenset({'mineral water', 'burgers'})",0.12958272230369283,0.024396747100386616,0.006932409012131715,0.053497942386831275,2.192830960894106,0.003771012107508893,1.030746045454809
"frozenset({'chocolate', 'burgers'})",frozenset({'milk'}),0.017064391414478068,0.12958272230369283,0.005465937874950006,0.3203125,2.4718766075102883,0.0032546875810061746,1.2806139258060611
frozenset({'milk'}),"frozenset({'chocolate', 'burgers'})",0.12958272230369283,0.017064391414478068,0.005465937874950006,0.04218106995884774,2.4718766075102883,0.0032546875810061746,1.02622278361453
"frozenset({'chocolate', 'burgers'})",frozenset({'spaghetti'}),0.017064391414478068,0.17411011865084655,0.006399146780429276,0.37500000000000006,2.153809341500766,0.003428063566550013,1.3214238101586455
frozenset({'spaghetti'}),"frozenset({'chocolate', 'burgers'})",0.17411011865084655,0.017064391414478068,0.006399146780429276,0.036753445635528334,2.153809341500766,0.003428063566550013,1.0204403058924416
"frozenset({'mineral water', 'burgers'})",frozenset({'ground beef'}),0.024396747100386616,0.09825356619117451,0.005332622317024397,0.2185792349726776,2.2246442897287038,0.0029355549109472156,1.1539831985105948
frozenset({'ground beef'}),"frozenset({'mineral water', 'burgers'})",0.09825356619117451,0.024396747100386616,0.005332622317024397,0.054274084124830396,2.2246442897287038,0.0029355549109472156,1.031591961817812
"frozenset({'burgers', 'ground beef'})",frozenset({'spaghetti'}),0.011998400213304892,0.17411011865084655,0.005465937874950006,0.45555555555555555,2.616479496341671,0.0033768949901911488,1.5169405983964042
"frozenset({'burgers', 'spaghetti'})",frozenset({'ground beef'}),0.021463804826023197,0.09825356619117451,0.005465937874950006,0.2546583850931677,2.591848774197898,0.0033570425067618852,1.2098431320268408
frozenset({'ground beef'}),"frozenset({'burgers', 'spaghetti'})",0.09825356619117451,0.021463804826023197,0.005465937874950006,0.05563093622795115,2.591848774197898,0.0033570425067618852,1.0361798503494553
frozenset({'spaghetti'}),"frozenset({'burgers', 'ground beef'})",0.17411011865084655,0.011998400213304892,0.005465937874950006,0.03139356814701378,2.616479496341671,0.0033768949901911488,1.020023786024841
frozenset({'meatballs'}),frozenset({'milk'}),0.020930542594320756,0.12958272230369283,0.005465937874950006,0.2611464968152866,2.0152879347854578,0.002753701186284525,1.1780647637786226
frozenset({'milk'}),frozenset({'meatballs'}),0.12958272230369283,0.020930542594320756,0.005465937874950006,0.04218106995884774,2.015287934785458,0.002753701186284525,1.0221863722860582
"frozenset({'eggs', 'spaghetti'})",frozenset({'turkey'}),0.036528462871617116,0.06252499666711105,0.005199306759098787,0.14233576642335768,2.2764617994490535,0.0029153647397962374,1.0930559613328152
frozenset({'turkey'}),"frozenset({'eggs', 'spaghetti'})",0.06252499666711105,0.036528462871617116,0.005199306759098787,0.08315565031982944,2.2764617994490535,0.0029153647397962374,1.0508561649144454
"frozenset({'mineral water', 'turkey'})",frozenset({'milk'}),0.019197440341287828,0.12958272230369283,0.0061325156645780565,0.3194444444444445,2.4651777549154095,0.003644859083891246,1.2789804896762065
"frozenset({'mineral water', 'milk'})",frozenset({'turkey'}),0.04799360085321957,0.06252499666711105,0.0061325156645780565,0.1277777777777778,2.043627102582327,0.003131715931187845,1.0748121057319746
"frozenset({'turkey', 'milk'})",frozenset({'mineral water'}),0.011331822423676844,0.23836821757099053,0.0061325156645780565,0.5411764705882353,2.270338202395052,0.0034313693516152253,1.659966705293995
frozenset({'mineral water'}),"frozenset({'turkey', 'milk'})",0.23836821757099053,0.011331822423676844,0.0061325156645780565,0.02572706935123043,2.270338202395052,0.0034313693516152253,1.0147753739991194
frozenset({'turkey'}),"frozenset({'mineral water', 'milk'})",0.06252499666711105,0.04799360085321957,0.0061325156645780565,0.0980810234541578,2.043627102582327,0.003131715931187845,1.055534281796312
frozenset({'milk'}),"frozenset({'mineral water', 'turkey'})",0.12958272230369283,0.019197440341287828,0.0061325156645780565,0.04732510288065844,2.4651777549154095,0.003644859083891246,1.0295249330326872
"frozenset({'mineral water', 'spaghetti'})",frozenset({'milk'}),0.05972536995067324,0.12958272230369283,0.01573123583522197,0.26339285714285715,2.032623273074662,0.00799185980641856,1.1816573951755929
frozenset({'milk'}),"frozenset({'mineral water', 'spaghetti'})",0.12958272230369283,0.05972536995067324,0.01573123583522197,0.12139917695473253,2.0326232730746625,0.00799185980641856,1.070195480571365
"frozenset({'mineral water', 'chocolate'})",frozenset({'milk'}),0.05265964538061592,0.12958272230369283,0.013998133582189041,0.26582278481012656,2.0513752148773245,0.007174353378221748,1.1855683610001424
frozenset({'milk'}),"frozenset({'mineral water', 'chocolate'})",0.12958272230369283,0.05265964538061592,0.013998133582189041,0.1080246913580247,2.0513752148773245,0.007174353378221748,1.0620701553518355
"frozenset({'chocolate', 'spaghetti'})",frozenset({'milk'}),0.03919477403012932,0.12958272230369283,0.010931875749900012,0.2789115646258503,2.152382352117802,0.005852910230997773,1.2070881115222372
frozenset({'milk'}),"frozenset({'chocolate', 'spaghetti'})",0.12958272230369283,0.03919477403012932,0.010931875749900012,0.08436213991769548,2.152382352117802,0.005852910230997773,1.0493288535311398
"frozenset({'chocolate', 'eggs'})",frozenset({'milk'}),0.03319557392347687,0.12958272230369283,0.009198773496867084,0.27710843373493976,2.138467450047102,0.004897200659429474,1.2040772341465582
frozenset({'milk'}),"frozenset({'chocolate', 'eggs'})",0.12958272230369283,0.03319557392347687,0.009198773496867084,0.07098765432098766,2.138467450047102,0.004897200659429474,1.0406798473381844
frozenset({'whole wheat pasta'}),frozenset({'olive oil'}),0.029462738301559793,0.0658578856152513,0.007998933475536596,0.2714932126696833,4.122410097642296,0.0060585798265603875,1.2822696104287545
frozenset({'olive oil'}),frozenset({'whole wheat pasta'}),0.0658578856152513,0.029462738301559793,0.007998933475536596,0.12145748987854252,4.1224100976422955,0.0060585798265603875,1.1047129199977639
frozenset({'whole wheat pasta'}),frozenset({'milk'}),0.029462738301559793,0.12958272230369283,0.009865351286495135,0.33484162895927605,2.5839990317114503,0.006047489450857737,1.3085865195298223
frozenset({'milk'}),frozenset({'whole wheat pasta'}),0.12958272230369283,0.029462738301559793,0.009865351286495135,0.07613168724279837,2.5839990317114503,0.006047489450857737,1.0505147197894031
frozenset({'milk'}),frozenset({'soup'}),0.12958272230369283,0.05052659645380616,0.015197973603519531,0.11728395061728396,2.321231961953158,0.008650599686295217,1.0756272124089747
frozenset({'soup'}),frozenset({'milk'}),0.05052659645380616,0.12958272230369283,0.015197973603519531,0.3007915567282322,2.3212319619531585,0.008650599686295217,1.2448609367807564
frozenset({'olive oil'}),frozenset({'soup'}),0.0658578856152513,0.05052659645380616,0.008932142381015865,0.13562753036437247,2.684279961116512,0.005604567571233137,1.098454007849695
frozenset({'soup'}),frozenset({'olive oil'}),0.05052659645380616,0.0658578856152513,0.008932142381015865,0.17678100263852245,2.684279961116512,0.005604567571233137,1.1347431453583967
frozenset({'tomatoes'}),frozenset({'soup'}),0.06839088121583789,0.05052659645380616,0.006932409012131715,0.10136452241715399,2.0061616956492667,0.0034768505558188823,1.0565723557900162
frozenset({'soup'}),frozenset({'tomatoes'}),0.05052659645380616,0.06839088121583789,0.006932409012131715,0.13720316622691292,2.0061616956492667,0.0034768505558188823,1.0797549113736924
frozenset({'cooking oil'}),frozenset({'soup'}),0.0510598586855086,0.05052659645380616,0.005332622317024397,0.10443864229765012,2.067003313653492,0.002752741442233334,1.0601991648926887
frozenset({'soup'}),frozenset({'cooking oil'}),0.05052659645380616,0.0510598586855086,0.005332622317024397,0.10554089709762533,2.067003313653492,0.002752741442233334,1.060909479522691
"frozenset({'mineral water', 'milk'})",frozenset({'soup'}),0.04799360085321957,0.05052659645380616,0.008532195707239034,0.17777777777777776,3.5184989739079446,0.0061072424045633626,1.1547649502588844
"frozenset({'mineral water', 'soup'})",frozenset({'milk'}),0.023063591521130515,0.12958272230369283,0.008532195707239034,0.3699421965317919,2.8548728561573777,0.005543552731830574,1.3814879728574416
"frozenset({'soup', 'milk'})",frozenset({'mineral water'}),0.015197973603519531,0.23836821757099053,0.008532195707239034,0.5614035087719298,2.3551944738804504,0.004909481828677119,1.7365204639381415
frozenset({'mineral water'}),"frozenset({'soup', 'milk'})",0.23836821757099053,0.015197973603519531,0.008532195707239034,0.035794183445190156,2.3551944738804504,0.004909481828677119,1.0213608023183915
frozenset({'milk'}),"frozenset({'mineral water', 'soup'})",0.12958272230369283,0.023063591521130515,0.008532195707239034,0.06584362139917696,2.854872856157378,0.005543552731830574,1.0457953623804639
frozenset({'soup'}),"frozenset({'mineral water', 'milk'})",0.05052659645380616,0.04799360085321957,0.008532195707239034,0.16886543535620052,3.518498973907945,0.0061072424045633626,1.1454299215131103
"frozenset({'mineral water', 'spaghetti'})",frozenset({'soup'}),0.05972536995067324,0.05052659645380616,0.007465671243834155,0.125,2.473944591029024,0.004447951578282207,1.08511246119565
"frozenset({'soup', 'spaghetti'})",frozenset({'mineral water'}),0.014264764698040262,0.23836821757099053,0.007465671243834155,0.5233644859813084,2.1956135399025696,0.004065404708692709,1.5979333474490982
frozenset({'mineral water'}),"frozenset({'soup', 'spaghetti'})",0.23836821757099053,0.014264764698040262,0.007465671243834155,0.03131991051454139,2.1956135399025696,0.004065404708692709,1.0176065824017921
frozenset({'soup'}),"frozenset({'mineral water', 'spaghetti'})",0.05052659645380616,0.05972536995067324,0.007465671243834155,0.14775725593667546,2.473944591029024,0.004447951578282207,1.103294380150758
"frozenset({'mineral water', 'chocolate'})",frozenset({'soup'}),0.05265964538061592,0.05052659645380616,0.005599253432875617,0.10632911392405063,2.1044186900905113,0.0029385407813286983,1.0624419104837013
"frozenset({'chocolate', 'soup'})",frozenset({'mineral water'}),0.010131982402346354,0.23836821757099053,0.005599253432875617,0.5526315789473685,2.3183945602260687,0.0031841108471676737,1.7024710430766097
frozenset({'mineral water'}),"frozenset({'chocolate', 'soup'})",0.23836821757099053,0.010131982402346354,0.005599253432875617,0.02348993288590604,2.3183945602260687,0.0031841108471676737,1.0136792757529236
frozenset({'soup'}),"frozenset({'mineral water', 'chocolate'})",0.05052659645380616,0.05265964538061592,0.005599253432875617,0.11081794195250659,2.1044186900905113,0.0029385407813286983,1.0654065115749156
"frozenset({'mineral water', 'ground beef'})",frozenset({'soup'}),0.040927876283162246,0.05052659645380616,0.005065991201173177,0.1237785016286645,2.449769236719294,0.002998044912502534,1.083599757950489
"frozenset({'mineral water', 'soup'})",frozenset({'ground beef'}),0.023063591521130515,0.09825356619117451,0.005065991201173177,0.21965317919075145,2.235574622944134,0.0027999110850455687,1.1555713559179763
"frozenset({'soup', 'ground beef'})",frozenset({'mineral water'}),0.009732035728569524,0.23836821757099053,0.005065991201173177,0.5205479452054794,2.1837976157641505,0.0027461831912168632,1.5885462890662199
frozenset({'mineral water'}),"frozenset({'soup', 'ground beef'})",0.23836821757099053,0.009732035728569524,0.005065991201173177,0.021252796420581657,2.183797615764151,0.0027461831912168632,1.0117709257813243
frozenset({'ground beef'}),"frozenset({'mineral water', 'soup'})",0.09825356619117451,0.023063591521130515,0.005065991201173177,0.051560379918588875,2.235574622944134,0.0027999110850455687,1.030045970027077
frozenset({'soup'}),"frozenset({'mineral water', 'ground beef'})",0.05052659645380616,0.040927876283162246,0.005065991201173177,0.10026385224274406,2.449769236719294,0.002998044912502534,1.0659481961544912
"frozenset({'mineral water', 'olive oil'})",frozenset({'soup'}),0.027596320490601255,0.05052659645380616,0.005199306759098787,0.18840579710144928,3.7288440212611373,0.0038049586100602755,1.16988687222656
"frozenset({'mineral water', 'soup'})",frozenset({'olive oil'}),0.023063591521130515,0.0658578856152513,0.005199306759098787,0.22543352601156072,3.4230301186492245,0.003680387386823294,1.2060192969295638
"frozenset({'olive oil', 'soup'})",frozenset({'mineral water'}),0.008932142381015865,0.23836821757099053,0.005199306759098787,0.582089552238806,2.44197635981168,0.003070167900645732,1.8224760508122728
frozenset({'mineral water'}),"frozenset({'olive oil', 'soup'})",0.23836821757099053,0.008932142381015865,0.005199306759098787,0.021812080536912755,2.44197635981168,0.003070167900645732,1.0131671408935068
frozenset({'olive oil'}),"frozenset({'mineral water', 'soup'})",0.0658578856152513,0.023063591521130515,0.005199306759098787,0.07894736842105264,3.423030118649225,0.003680387386823294,1.0606738149199155
frozenset({'soup'}),"frozenset({'mineral water', 'olive oil'})",0.05052659645380616,0.027596320490601255,0.005199306759098787,0.1029023746701847,3.7288440212611373,0.0038049586100602755,1.083944101570771
"frozenset({'mineral water', 'frozen vegetables'})",frozenset({'soup'}),0.03572856952406346,0.05052659645380616,0.005065991201173177,0.1417910447761194,2.8062655062418775,0.0032607481869590654,1.1063429223929562
"frozenset({'mineral water', 'soup'})",frozenset({'frozen vegetables'}),0.023063591521130515,0.09532062391681109,0.005065991201173177,0.21965317919075145,2.3043615344193378,0.0028675552676165417,1.1593298671288272
"frozenset({'frozen vegetables', 'soup'})",frozenset({'mineral water'}),0.007998933475536596,0.23836821757099053,0.005065991201173177,0.6333333333333333,2.6569537658463833,0.00315929968614059,2.077177588442753
frozenset({'mineral water'}),"frozenset({'frozen vegetables', 'soup'})",0.23836821757099053,0.007998933475536596,0.005065991201173177,0.021252796420581657,2.6569537658463833,0.00315929968614059,1.0135416611118517
frozenset({'frozen vegetables'}),"frozenset({'mineral water', 'soup'})",0.09532062391681109,0.023063591521130515,0.005065991201173177,0.05314685314685315,2.304361534419338,0.0028675552676165417,1.0317718346564133
frozenset({'soup'}),"frozenset({'mineral water', 'frozen vegetables'})",0.05052659645380616,0.03572856952406346,0.005065991201173177,0.10026385224274406,2.8062655062418775,0.0032607481869590654,1.0717268978017007
"frozenset({'mineral water', 'spaghetti'})",frozenset({'frozen vegetables'}),0.05972536995067324,0.09532062391681109,0.011998400213304892,0.20089285714285715,2.1075487012987013,0.006305340685944358,1.1321127387856667
frozenset({'frozen vegetables'}),"frozenset({'mineral water', 'spaghetti'})",0.09532062391681109,0.05972536995067324,0.011998400213304892,0.12587412587412586,2.1075487012987013,0.006305340685944358,1.0756741767764297
"frozenset({'chocolate', 'frozen vegetables'})",frozenset({'milk'}),0.022930275963204905,0.12958272230369283,0.007998933475536596,0.34883720930232565,2.6920040195234,0.005027565893049572,1.3367122478907576
"frozenset({'chocolate', 'milk'})",frozenset({'frozen vegetables'}),0.03212904946007199,0.09532062391681109,0.007998933475536596,0.2489626556016598,2.611844586948322,0.004936372435148452,1.2045730919118705
"frozenset({'frozen vegetables', 'milk'})",frozenset({'chocolate'}),0.023596853752832957,0.1638448206905746,0.007998933475536596,0.33898305084745767,2.068927473073051,0.004132711203541968,1.2649527071604127
frozenset({'chocolate'}),"frozenset({'frozen vegetables', 'milk'})",0.1638448206905746,0.023596853752832957,0.007998933475536596,0.04882017900732303,2.068927473073051,0.004132711203541968,1.0265179356182792
frozenset({'frozen vegetables'}),"frozenset({'chocolate', 'milk'})",0.09532062391681109,0.03212904946007199,0.007998933475536596,0.08391608391608392,2.6118445869483216,0.004936372435148452,1.0565308849405322
frozenset({'milk'}),"frozenset({'chocolate', 'frozen vegetables'})",0.12958272230369283,0.022930275963204905,0.007998933475536596,0.061728395061728406,2.6920040195234,0.005027565893049572,1.0413506269339527
"frozenset({'chocolate', 'spaghetti'})",frozenset({'frozen vegetables'}),0.03919477403012932,0.09532062391681109,0.007865617917610986,0.20068027210884354,2.1053184910327767,0.004129547602780635,1.1318116449721598
frozenset({'frozen vegetables'}),"frozenset({'chocolate', 'spaghetti'})",0.09532062391681109,0.03919477403012932,0.007865617917610986,0.08251748251748252,2.1053184910327767,0.004129547602780635,1.0472191106226487
"frozenset({'mineral water', 'frozen vegetables'})",frozenset({'milk'}),0.03572856952406346,0.12958272230369283,0.011065191307825623,0.3097014925373134,2.3899906332534853,0.006435386004880725,1.2609288130951908
"frozenset({'mineral water', 'milk'})",frozenset({'frozen vegetables'}),0.04799360085321957,0.09532062391681109,0.011065191307825623,0.23055555555555557,2.418737373737374,0.0064904113304823366,1.175756589855408
frozenset({'frozen vegetables'}),"frozenset({'mineral water', 'milk'})",0.09532062391681109,0.04799360085321957,0.011065191307825623,0.11608391608391608,2.4187373737373736,0.0064904113304823366,1.0770325559967533
frozenset({'milk'}),"frozenset({'mineral water', 'frozen vegetables'})",0.12958272230369283,0.03572856952406346,0.011065191307825623,0.08539094650205761,2.3899906332534853,0.006435386004880725,1.0542990218477055
"frozenset({'frozen vegetables', 'milk'})",frozenset({'spaghetti'}),0.023596853752832957,0.17411011865084655,0.008265564591387815,0.3502824858757062,2.011844507315216,0.004157113584695395,1.2711522521634795
"frozenset({'spaghetti', 'milk'})",frozenset({'frozen vegetables'}),0.03546193840821224,0.09532062391681109,0.008265564591387815,0.23308270676691728,2.4452494873547503,0.004885310497017497,1.1796309511672953
"frozenset({'frozen vegetables', 'spaghetti'})",frozenset({'milk'}),0.027862951606452472,0.12958272230369283,0.008265564591387815,0.2966507177033493,2.2892767834288303,0.0046550074708076525,1.2375320478811442
frozenset({'milk'}),"frozenset({'frozen vegetables', 'spaghetti'})",0.12958272230369283,0.027862951606452472,0.008265564591387815,0.06378600823045268,2.2892767834288303,0.0046550074708076525,1.0383705615808
frozenset({'frozen vegetables'}),"frozenset({'spaghetti', 'milk'})",0.09532062391681109,0.03546193840821224,0.008265564591387815,0.08671328671328671,2.4452494873547503,0.004885310497017497,1.0561174793845762
frozenset({'spaghetti'}),"frozenset({'frozen vegetables', 'milk'})",0.17411011865084655,0.023596853752832957,0.008265564591387815,0.04747320061255743,2.011844507315216,0.004157113584695395,1.0250663255617365
"frozenset({'mineral water', 'frozen vegetables'})",frozenset({'ground beef'}),0.03572856952406346,0.09825356619117451,0.009198773496867084,0.25746268656716415,2.6203902468660765,0.005688314126218535,1.214412282717413
"frozenset({'mineral water', 'ground beef'})",frozenset({'frozen vegetables'}),0.040927876283162246,0.09532062391681109,0.009198773496867084,0.2247557003257329,2.3578916197808706,0.005297502793966003,1.1669603716703318
"frozenset({'frozen vegetables', 'ground beef'})",frozenset({'mineral water'}),0.01693107585655246,0.23836821757099053,0.009198773496867084,0.5433070866141732,2.2792765417745597,0.005162943123381443,1.667710971870417
frozenset({'mineral water'}),"frozenset({'frozen vegetables', 'ground beef'})",0.23836821757099053,0.01693107585655246,0.009198773496867084,0.03859060402684564,2.2792765417745597,0.005162943123381443,1.0225289333149996
frozenset({'frozen vegetables'}),"frozenset({'mineral water', 'ground beef'})",0.09532062391681109,0.040927876283162246,0.009198773496867084,0.0965034965034965,2.3578916197808706,0.005297502793966003,1.0615117158785434
frozenset({'ground beef'}),"frozenset({'mineral water', 'frozen vegetables'})",0.09825356619117451,0.03572856952406346,0.009198773496867084,0.09362279511533243,2.6203902468660765,0.005688314126218535,1.0638743177556367
"frozenset({'frozen vegetables', 'ground beef'})",frozenset({'spaghetti'}),0.01693107585655246,0.17411011865084655,0.008665511265164644,0.5118110236220472,2.939582303360625,0.005717639638893812,1.6917421763119755
"frozenset({'spaghetti', 'ground beef'})",frozenset({'frozen vegetables'}),0.03919477403012932,0.09532062391681109,0.008665511265164644,0.22108843537414966,2.3194186765615337,0.004929440950334294,1.1614660985522165
"frozenset({'frozen vegetables', 'spaghetti'})",frozenset({'ground beef'}),0.027862951606452472,0.09825356619117451,0.008665511265164644,0.31100478468899523,3.165328208890303,0.005927876905218574,1.308784754625309
frozenset({'ground beef'}),"frozenset({'frozen vegetables', 'spaghetti'})",0.09825356619117451,0.027862951606452472,0.008665511265164644,0.08819538670284939,3.165328208890303,0.005927876905218574,1.0661681617054235
frozenset({'frozen vegetables'}),"frozenset({'spaghetti', 'ground beef'})",0.09532062391681109,0.03919477403012932,0.008665511265164644,0.09090909090909091,2.3194186765615337,0.004929440950334294,1.056885748566858
frozenset({'spaghetti'}),"frozenset({'frozen vegetables', 'ground beef'})",0.17411011865084655,0.01693107585655246,0.008665511265164644,0.04977029096477795,2.9395823033606248,0.005717639638893812,1.0345592384620004
"frozenset({'chocolate', 'frozen vegetables'})",frozenset({'ground beef'}),0.022930275963204905,0.09825356619117451,0.005732568990801226,0.25,2.544436906377205,0.0034795876036685753,1.2023285784117672
"frozenset({'chocolate', 'ground beef'})",frozenset({'frozen vegetables'}),0.023063591521130515,0.09532062391681109,0.005732568990801226,0.24855491329479767,2.6075669994745136,0.003534133057244591,1.203919477403013
"frozenset({'frozen vegetables', 'ground beef'})",frozenset({'chocolate'}),0.01693107585655246,0.1638448206905746,0.005732568990801226,0.3385826771653543,2.066483857947374,0.0029584999029858713,1.2641869972892503
frozenset({'chocolate'}),"frozenset({'frozen vegetables', 'ground beef'})",0.1638448206905746,0.01693107585655246,0.005732568990801226,0.03498779495524817,2.066483857947374,0.0029584999029858713,1.0187113893526956
frozenset({'frozen vegetables'}),"frozenset({'chocolate', 'ground beef'})",0.09532062391681109,0.023063591521130515,0.005732568990801226,0.060139860139860134,2.6075669994745136,0.003534133057244591,1.039448708426178
frozenset({'ground beef'}),"frozenset({'chocolate', 'frozen vegetables'})",0.09825356619117451,0.022930275963204905,0.005732568990801226,0.05834464043419267,2.544436906377205,0.0034795876036685753,1.0376086262465678
"frozenset({'frozen vegetables', 'ground beef'})",frozenset({'milk'}),0.01693107585655246,0.12958272230369283,0.005732568990801226,0.3385826771653543,2.612868993227698,0.00353859408977883,1.3159880269932263
"frozenset({'milk', 'ground beef'})",frozenset({'frozen vegetables'}),0.021997067057725635,0.09532062391681109,0.005732568990801226,0.2606060606060606,2.733994490358127,0.0036357948345188866,1.2235417791289032
"frozenset({'frozen vegetables', 'milk'})",frozenset({'ground beef'}),0.023596853752832957,0.09825356619117451,0.005732568990801226,0.24293785310734461,2.4725601576094873,0.003414093958693789,1.1911128267474784
frozenset({'ground beef'}),"frozenset({'frozen vegetables', 'milk'})",0.09825356619117451,0.023596853752832957,0.005732568990801226,0.05834464043419267,2.472560157609487,0.003414093958693789,1.036900747527611
frozenset({'frozen vegetables'}),"frozenset({'milk', 'ground beef'})",0.09532062391681109,0.021997067057725635,0.005732568990801226,0.060139860139860134,2.7339944903581266,0.0036357948345188866,1.0405834777585212
frozenset({'milk'}),"frozenset({'frozen vegetables', 'ground beef'})",0.12958272230369283,0.01693107585655246,0.005732568990801226,0.044238683127572016,2.612868993227698,0.00353859408977883,1.0285715761759213
"frozenset({'frozen vegetables', 'eggs'})",frozenset({'milk'}),0.021730435941874418,0.12958272230369283,0.007332355685908546,0.3374233128834356,2.6039220884142495,0.004516466639714447,1.3136853357823897
"frozenset({'eggs', 'milk'})",frozenset({'frozen vegetables'}),0.03079589388081589,0.09532062391681109,0.007332355685908546,0.2380952380952381,2.497835497835498,0.00439687186711327,1.1873916811091856
frozenset({'frozen vegetables'}),"frozenset({'eggs', 'milk'})",0.09532062391681109,0.03079589388081589,0.007332355685908546,0.07692307692307693,2.497835497835498,0.00439687186711327,1.0499711149624493
frozenset({'milk'}),"frozenset({'frozen vegetables', 'eggs'})",0.12958272230369283,0.021730435941874418,0.007332355685908546,0.0565843621399177,2.6039220884142495,0.004516466639714447,1.0369444015970535
"frozenset({'frozen vegetables', 'french fries'})",frozenset({'milk'}),0.019064124783362217,0.12958272230369283,0.005732568990801226,0.3006993006993007,2.3205200149644596,0.0032621878030358515,1.2446967071057191
"frozenset({'french fries', 'milk'})",frozenset({'frozen vegetables'}),0.023730169310758567,0.09532062391681109,0.005732568990801226,0.24157303370786515,2.534320735444331,0.0034705944464481567,1.1928365106874639
frozenset({'frozen vegetables'}),"frozenset({'french fries', 'milk'})",0.09532062391681109,0.023730169310758567,0.005732568990801226,0.060139860139860134,2.5343207354443305,0.0034705944464481567,1.0387394775934637
frozenset({'milk'}),"frozenset({'frozen vegetables', 'french fries'})",0.12958272230369283,0.019064124783362217,0.005732568990801226,0.044238683127572016,2.3205200149644596,0.0032621878030358515,1.026339796243888
"frozenset({'french fries', 'spaghetti'})",frozenset({'frozen vegetables'}),0.027596320490601255,0.09532062391681109,0.005332622317024397,0.1932367149758454,2.0272288098375055,0.0027021238300520066,1.121369047001318
frozenset({'frozen vegetables'}),"frozenset({'french fries', 'spaghetti'})",0.09532062391681109,0.027596320490601255,0.005332622317024397,0.055944055944055944,2.0272288098375055,0.0027021238300520066,1.0300276012581038
frozenset({'chicken'}),frozenset({'cooking oil'}),0.05999200106652446,0.0510598586855086,0.006799093454206106,0.11333333333333334,2.2196170583115755,0.0037359103574884857,1.0702332420840128
frozenset({'cooking oil'}),frozenset({'chicken'}),0.0510598586855086,0.05999200106652446,0.006799093454206106,0.13315926892950392,2.219617058311575,0.0037359103574884857,1.0844068180467503
frozenset({'cooking oil'}),frozenset({'grated cheese'}),0.0510598586855086,0.0523930142647647,0.005732568990801226,0.11227154046997388,2.1428723284103666,0.0030573890863345044,1.0674513986370444
frozenset({'grated cheese'}),frozenset({'cooking oil'}),0.0523930142647647,0.0510598586855086,0.005732568990801226,0.1094147582697201,2.1428723284103666,0.0030573890863345044,1.0655242158188434
"frozenset({'mineral water', 'eggs'})",frozenset({'cooking oil'}),0.05092654312758299,0.0510598586855086,0.006399146780429276,0.1256544502617801,2.46092436400421,0.0037988446849934296,1.0853147724016041
"frozenset({'cooking oil', 'eggs'})",frozenset({'mineral water'}),0.011731769097453673,0.23836821757099053,0.006399146780429276,0.5454545454545454,2.2882855399633923,0.0036026658917148163,1.6755899213438208
frozenset({'mineral water'}),"frozenset({'cooking oil', 'eggs'})",0.23836821757099053,0.011731769097453673,0.006399146780429276,0.02684563758389262,2.2882855399633923,0.0036026658917148163,1.0155308027895131
frozenset({'cooking oil'}),"frozenset({'mineral water', 'eggs'})",0.0510598586855086,0.05092654312758299,0.006399146780429276,0.12532637075718014,2.46092436400421,0.0037988446849934296,1.0850601014392112
"frozenset({'mineral water', 'chocolate'})",frozenset({'cooking oil'}),0.05265964538061592,0.0510598586855086,0.005732568990801226,0.10886075949367088,2.132022341937403,0.0030437749392379816,1.064861806304614
frozenset({'cooking oil'}),"frozenset({'mineral water', 'chocolate'})",0.0510598586855086,0.05265964538061592,0.005732568990801226,0.11227154046997388,2.132022341937403,0.0030437749392379816,1.0671510465271297
"frozenset({'mineral water', 'cooking oil'})",frozenset({'spaghetti'}),0.020130649246767097,0.17411011865084655,0.007598986801759766,0.3774834437086093,2.16807297952395,0.004094037072886572,1.3266954476991721
"frozenset({'mineral water', 'spaghetti'})",frozenset({'cooking oil'}),0.05972536995067324,0.0510598586855086,0.007598986801759766,0.12723214285714288,2.4918232469227903,0.004549417852138669,1.0872766836544556
"frozenset({'cooking oil', 'spaghetti'})",frozenset({'mineral water'}),0.01586455139314758,0.23836821757099053,0.007598986801759766,0.4789915966386554,2.0094608313123907,0.0038173819636118022,1.4618416469201956
frozenset({'mineral water'}),"frozenset({'cooking oil', 'spaghetti'})",0.23836821757099053,0.01586455139314758,0.007598986801759766,0.031879194630872486,2.0094608313123907,0.0038173819636118022,1.0165419885089846
frozenset({'cooking oil'}),"frozenset({'mineral water', 'spaghetti'})",0.0510598586855086,0.05972536995067324,0.007598986801759766,0.14882506527415143,2.49182324692279,0.004549417852138669,1.1046784764076445
frozenset({'spaghetti'}),"frozenset({'mineral water', 'cooking oil'})",0.17411011865084655,0.020130649246767097,0.007598986801759766,0.043644716692189896,2.16807297952395,0.004094037072886572,1.0245871674008984
"frozenset({'mineral water', 'chocolate'})",frozenset({'chicken'}),0.05265964538061592,0.05999200106652446,0.007598986801759766,0.14430379746835442,2.4053839662447256,0.004439829299923055,1.0985300579252155
"frozenset({'mineral water', 'chicken'})",frozenset({'chocolate'}),0.022796960405279298,0.1638448206905746,0.007598986801759766,0.3333333333333333,2.0344453485218335,0.00386382291186665,1.254232768964138
"frozenset({'chocolate', 'chicken'})",frozenset({'mineral water'}),0.014664711371817091,0.23836821757099053,0.007598986801759766,0.5181818181818182,2.1738712629652226,0.0041033856908666904,1.5807452088149254
frozenset({'mineral water'}),"frozenset({'chocolate', 'chicken'})",0.23836821757099053,0.014664711371817091,0.007598986801759766,0.031879194630872486,2.173871262965223,0.0041033856908666904,1.0177813379937557
frozenset({'chocolate'}),"frozenset({'mineral water', 'chicken'})",0.1638448206905746,0.022796960405279298,0.007598986801759766,0.046379170056956874,2.0344453485218335,0.00386382291186665,1.0247291259913922
frozenset({'chicken'}),"frozenset({'mineral water', 'chocolate'})",0.05999200106652446,0.05265964538061592,0.007598986801759766,0.12666666666666668,2.405383966244726,0.004439829299923055,1.084740864067997
"frozenset({'mineral water', 'chicken'})",frozenset({'milk'}),0.022796960405279298,0.12958272230369283,0.006665777896280496,0.29239766081871343,2.256455610906553,0.003711685706714908,1.230093838727839
"frozenset({'mineral water', 'milk'})",frozenset({'chicken'}),0.04799360085321957,0.05999200106652446,0.006665777896280496,0.1388888888888889,2.3151234567901238,0.0037865457427077986,1.0916221923098426
frozenset({'chicken'}),"frozenset({'mineral water', 'milk'})",0.05999200106652446,0.04799360085321957,0.006665777896280496,0.11111111111111112,2.3151234567901238,0.0037865457427077986,1.071007199040128
frozenset({'milk'}),"frozenset({'mineral water', 'chicken'})",0.12958272230369283,0.022796960405279298,0.006665777896280496,0.051440329218107005,2.256455610906553,0.003711685706714908,1.0301966968395537
"frozenset({'chicken', 'milk'})",frozenset({'spaghetti'}),0.014798026929742702,0.17411011865084655,0.005465937874950006,0.3693693693693693,2.121469861898652,0.002889451650414082,1.309625383282229
"frozenset({'spaghetti', 'milk'})",frozenset({'chicken'}),0.03546193840821224,0.05999200106652446,0.005465937874950006,0.15413533834586465,2.569264828738513,0.0033385052281435126,1.1112983454057979
"frozenset({'chicken', 'spaghetti'})",frozenset({'milk'}),0.01719770697240368,0.12958272230369283,0.005465937874950006,0.3178294573643411,2.452714773343542,0.003237412188084738,1.2759526002593593
frozenset({'milk'}),"frozenset({'chicken', 'spaghetti'})",0.12958272230369283,0.01719770697240368,0.005465937874950006,0.04218106995884774,2.452714773343542,0.003237412188084738,1.0260835970169964
frozenset({'chicken'}),"frozenset({'spaghetti', 'milk'})",0.05999200106652446,0.03546193840821224,0.005465937874950006,0.0911111111111111,2.5692648287385125,0.0033385052281435126,1.061227696127884
frozenset({'spaghetti'}),"frozenset({'chicken', 'milk'})",0.17411011865084655,0.014798026929742702,0.005465937874950006,0.03139356814701378,2.121469861898652,0.002889451650414082,1.0171334204187794
frozenset({'frozen vegetables'}),frozenset({'tomatoes'}),0.09532062391681109,0.06839088121583789,0.0161311825089988,0.1692307692307692,2.4744639376218323,0.009612121041284616,1.1213813466846394
frozenset({'tomatoes'}),frozenset({'frozen vegetables'}),0.06839088121583789,0.09532062391681109,0.0161311825089988,0.23586744639376217,2.4744639376218323,0.009612121041284616,1.1839298977823367
frozenset({'shrimp'}),frozenset({'tomatoes'}),0.07145713904812692,0.06839088121583789,0.011198506865751233,0.15671641791044774,2.2914811905385353,0.0063114901570871735,1.1047400169652895
frozenset({'tomatoes'}),frozenset({'shrimp'}),0.06839088121583789,0.07145713904812692,0.011198506865751233,0.16374269005847952,2.2914811905385353,0.0063114901570871735,1.1103554491102818
"frozenset({'mineral water', 'tomatoes'})",frozenset({'spaghetti'}),0.024396747100386616,0.17411011865084655,0.009332089054792695,0.38251366120218583,2.1969639913304717,0.005084368522449685,1.337503082184912
"frozenset({'mineral water', 'spaghetti'})",frozenset({'tomatoes'}),0.05972536995067324,0.06839088121583789,0.009332089054792695,0.15625,2.284661306042885,0.005247418372924227,1.1041293259664142
frozenset({'tomatoes'}),"frozenset({'mineral water', 'spaghetti'})",0.06839088121583789,0.05972536995067324,0.009332089054792695,0.1364522417153996,2.284661306042885,0.005247418372924227,1.0888507566936898
frozenset({'spaghetti'}),"frozenset({'mineral water', 'tomatoes'})",0.17411011865084655,0.024396747100386616,0.009332089054792695,0.053598774885145486,2.1969639913304717,0.005084368522449685,1.0308558643097856
"frozenset({'frozen vegetables', 'tomatoes'})",frozenset({'spaghetti'}),0.0161311825089988,0.17411011865084655,0.006665777896280496,0.41322314049586784,2.373343626998089,0.0038571757956602547,1.4075024738485573
"frozenset({'spaghetti', 'tomatoes'})",frozenset({'frozen vegetables'}),0.020930542594320756,0.09532062391681109,0.006665777896280496,0.3184713375796179,3.341053850607991,0.0046706655172724515,1.327426748084679
"frozenset({'frozen vegetables', 'spaghetti'})",frozenset({'tomatoes'}),0.027862951606452472,0.06839088121583789,0.006665777896280496,0.23923444976076558,3.4980460188216425,0.004760206082640966,1.2245679611691187
frozenset({'tomatoes'}),"frozenset({'frozen vegetables', 'spaghetti'})",0.06839088121583789,0.027862951606452472,0.006665777896280496,0.09746588693957116,3.4980460188216425,0.004760206082640966,1.07711945102784
frozenset({'frozen vegetables'}),"frozenset({'spaghetti', 'tomatoes'})",0.09532062391681109,0.020930542594320756,0.006665777896280496,0.06993006993006994,3.341053850607991,0.0046706655172724515,1.0526837023233995
frozenset({'spaghetti'}),"frozenset({'frozen vegetables', 'tomatoes'})",0.17411011865084655,0.0161311825089988,0.006665777896280496,0.03828483920367535,2.373343626998089,0.0038571757956602547,1.0230355697796556
"frozenset({'mineral water', 'frozen vegetables'})",frozenset({'tomatoes'}),0.03572856952406346,0.06839088121583789,0.005865884548726837,0.16417910447761194,2.400599342468942,0.0034223761943948067,1.1146037671167655
"frozenset({'mineral water', 'tomatoes'})",frozenset({'frozen vegetables'}),0.024396747100386616,0.09532062391681109,0.005865884548726837,0.24043715846994534,2.5224043715846993,0.0035403713935773327,1.1910527037641985
frozenset({'frozen vegetables'}),"frozenset({'mineral water', 'tomatoes'})",0.09532062391681109,0.024396747100386616,0.005865884548726837,0.06153846153846154,2.5224043715846998,0.0035403713935773327,1.0395772366963094
frozenset({'tomatoes'}),"frozenset({'mineral water', 'frozen vegetables'})",0.06839088121583789,0.03572856952406346,0.005865884548726837,0.08576998050682261,2.4005993424689414,0.0034223761943948067,1.0547361275781566
"frozenset({'mineral water', 'tomatoes'})",frozenset({'milk'}),0.024396747100386616,0.12958272230369283,0.006532462338354886,0.2677595628415301,2.066321482380985,0.0033710654337320636,1.1887041926748076
frozenset({'milk'}),"frozenset({'mineral water', 'tomatoes'})",0.12958272230369283,0.024396747100386616,0.006532462338354886,0.050411522633744855,2.0663214823809843,0.0033710654337320636,1.0273958416234281
"frozenset({'tomatoes', 'milk'})",frozenset({'spaghetti'}),0.013998133582189041,0.17411011865084655,0.005865884548726837,0.41904761904761906,2.406796470502443,0.003428667849841503,1.421613730191166
"frozenset({'spaghetti', 'milk'})",frozenset({'tomatoes'}),0.03546193840821224,0.06839088121583789,0.005865884548726837,0.16541353383458646,2.4186489615852493,0.003440611331367434,1.1162523675521943
"frozenset({'spaghetti', 'tomatoes'})",frozenset({'milk'}),0.020930542594320756,0.12958272230369283,0.005865884548726837,0.28025477707006374,2.1627480275746382,0.0031536478600613553,1.2093408194541613
frozenset({'milk'}),"frozenset({'spaghetti', 'tomatoes'})",0.12958272230369283,0.020930542594320756,0.005865884548726837,0.04526748971193416,2.162748027574638,0.0031536478600613553,1.0254908540930177
frozenset({'tomatoes'}),"frozenset({'spaghetti', 'milk'})",0.06839088121583789,0.03546193840821224,0.005865884548726837,0.08576998050682261,2.4186489615852493,0.003440611331367434,1.0550277731270514
frozenset({'spaghetti'}),"frozenset({'tomatoes', 'milk'})",0.17411011865084655,0.013998133582189041,0.005865884548726837,0.033690658499234305,2.406796470502443,0.003428667849841503,1.0203791105718392
"frozenset({'tomatoes', 'ground beef'})",frozenset({'spaghetti'}),0.011731769097453673,0.17411011865084655,0.005599253432875617,0.4772727272727273,2.741211889182793,0.0035566337233336226,1.5799632512766413
"frozenset({'spaghetti', 'ground beef'})",frozenset({'tomatoes'}),0.03919477403012932,0.06839088121583789,0.005599253432875617,0.14285714285714285,2.088833194096352,0.0029186882978994347,1.086877305248189
"frozenset({'spaghetti', 'tomatoes'})",frozenset({'ground beef'}),0.020930542594320756,0.09825356619117451,0.005599253432875617,0.267515923566879,2.7227095558686014,0.003542752980667325,1.2310799139824833
frozenset({'ground beef'}),"frozenset({'spaghetti', 'tomatoes'})",0.09825356619117451,0.020930542594320756,0.005599253432875617,0.05698778833107192,2.722709555868602,0.003542752980667325,1.0382362447596916
frozenset({'tomatoes'}),"frozenset({'spaghetti', 'ground beef'})",0.06839088121583789,0.03919477403012932,0.005599253432875617,0.08187134502923976,2.0888331940963516,0.0029186882978994347,1.046482125100942
frozenset({'spaghetti'}),"frozenset({'tomatoes', 'ground beef'})",0.17411011865084655,0.011731769097453673,0.005599253432875617,0.03215926493108729,2.7412118891827926,0.0035566337233336226,1.021106257562283
"frozenset({'mineral water', 'tomatoes'})",frozenset({'ground beef'}),0.024396747100386616,0.09825356619117451,0.005465937874950006,0.2240437158469945,2.2802603969719213,0.003068870468872825,1.1621098407536272
frozenset({'ground beef'}),"frozenset({'mineral water', 'tomatoes'})",0.09825356619117451,0.024396747100386616,0.005465937874950006,0.05563093622795115,2.2802603969719213,0.003068870468872825,1.0330741341767458
frozenset({'pancakes'}),frozenset({'fresh tuna'}),0.09505399280095987,0.022263698173576856,0.005065991201173177,0.05329593267882188,2.3938490480469636,0.002949737795259259,1.0327792343736883
frozenset({'fresh tuna'}),frozenset({'pancakes'}),0.022263698173576856,0.09505399280095987,0.005065991201173177,0.2275449101796407,2.3938490480469636,0.002949737795259259,1.1715192496297653
frozenset({'mineral water'}),frozenset({'extra dark chocolate'}),0.23836821757099053,0.011998400213304892,0.005732568990801226,0.024049217002237135,2.0043686303753416,0.0028725317182523467,1.0123477710135307
frozenset({'extra dark chocolate'}),frozenset({'mineral water'}),0.011998400213304892,0.23836821757099053,0.005732568990801226,0.47777777777777775,2.0043686303753416,0.0028725317182523467,1.4584438386938479
frozenset({'spaghetti'}),frozenset({'red wine'}),0.17411011865084655,0.028129582722303693,0.010265297960271964,0.058958652373660034,2.095966120638976,0.005367652974892865,1.0327605898817505
frozenset({'red wine'}),frozenset({'spaghetti'}),0.028129582722303693,0.17411011865084655,0.010265297960271964,0.36492890995260663,2.095966120638976,0.005367652974892865,1.3004683952587415
frozenset({'pepper'}),frozenset({'spaghetti'}),0.026529796027196375,0.17411011865084655,0.009865351286495135,0.37185929648241206,2.1357707373005916,0.005246245352417216,1.3148166911078523
frozenset({'spaghetti'}),frozenset({'pepper'}),0.17411011865084655,0.026529796027196375,0.009865351286495135,0.056661562021439515,2.135770737300592,0.005246245352417216,1.031941628562079
frozenset({'pepper'}),frozenset({'ground beef'}),0.026529796027196375,0.09825356619117451,0.006532462338354886,0.24623115577889446,2.5060785610549354,0.0039258152683583885,1.1963169355197083
frozenset({'ground beef'}),frozenset({'pepper'}),0.09825356619117451,0.026529796027196375,0.006532462338354886,0.06648575305291723,2.5060785610549354,0.0039258152683583885,1.042801657453425
frozenset({'shrimp'}),frozenset({'pasta'}),0.07145713904812692,0.01573123583522197,0.005065991201173177,0.0708955223880597,4.506672147735896,0.003941882094696843,1.0593736096231345
frozenset({'pasta'}),frozenset({'shrimp'}),0.01573123583522197,0.07145713904812692,0.005065991201173177,0.3220338983050847,4.506672147735896,0.003941882094696843,1.369600719904013
frozenset({'escalope'}),frozenset({'pasta'}),0.0793227569657379,0.01573123583522197,0.005865884548726837,0.07394957983193277,4.700811850163794,0.004618039551798818,1.0628673587623283
frozenset({'pasta'}),frozenset({'escalope'}),0.01573123583522197,0.0793227569657379,0.005865884548726837,0.3728813559322034,4.700811850163794,0.004618039551798818,1.4681069551086883
"frozenset({'mineral water', 'spaghetti'})",frozenset({'pancakes'}),0.05972536995067324,0.09505399280095987,0.011465137981602452,0.1919642857142857,2.019528902023642,0.005788003096276493,1.1199331801800276
frozenset({'pancakes'}),"frozenset({'mineral water', 'spaghetti'})",0.09505399280095987,0.05972536995067324,0.011465137981602452,0.12061711079943899,2.0195289020236427,0.005788003096276493,1.069243718062472
"frozenset({'mineral water', 'french fries'})",frozenset({'pancakes'}),0.03372883615517931,0.09505399280095987,0.006532462338354886,0.19367588932806323,2.037535548176441,0.0033264017892757165,1.1223104893203781
frozenset({'pancakes'}),"frozenset({'mineral water', 'french fries'})",0.09505399280095987,0.03372883615517931,0.006532462338354886,0.06872370266479663,2.037535548176441,0.0033264017892757165,1.037577319008068
"frozenset({'french fries', 'spaghetti'})",frozenset({'pancakes'}),0.027596320490601255,0.09505399280095987,0.005732568990801226,0.2077294685990338,2.185383932624618,0.003109428541554633,1.1422184359158618
frozenset({'pancakes'}),"frozenset({'french fries', 'spaghetti'})",0.09505399280095987,0.027596320490601255,0.005732568990801226,0.06030855539971949,2.185383932624618,0.003109428541554633,1.0348116768510467
"frozenset({'mineral water', 'pancakes'})",frozenset({'ground beef'}),0.03372883615517931,0.09825356619117451,0.007465671243834155,0.22134387351778653,2.2527820831165766,0.004151692808109965,1.1580804454499127
"frozenset({'pancakes', 'ground beef'})",frozenset({'mineral water'}),0.014531395813891481,0.23836821757099053,0.007465671243834155,0.5137614678899083,2.1553270529318804,0.00400184832485829,1.566374797825699
frozenset({'mineral water'}),"frozenset({'pancakes', 'ground beef'})",0.23836821757099053,0.014531395813891481,0.007465671243834155,0.03131991051454139,2.1553270529318804,0.00400184832485829,1.017331330418454
frozenset({'ground beef'}),"frozenset({'mineral water', 'pancakes'})",0.09825356619117451,0.03372883615517931,0.007465671243834155,0.07598371777476255,2.2527820831165766,0.004151692808109965,1.0457295855413111
"frozenset({'pancakes', 'ground beef'})",frozenset({'spaghetti'}),0.014531395813891481,0.17411011865084655,0.006399146780429276,0.44036697247706424,2.5292439973586975,0.003869083731110216,1.4757704437222579
"frozenset({'pancakes', 'spaghetti'})",frozenset({'ground beef'}),0.025196640447940274,0.09825356619117451,0.006399146780429276,0.253968253968254,2.584824793780018,0.003923487000382352,1.2087239431905532
frozenset({'ground beef'}),"frozenset({'pancakes', 'spaghetti'})",0.09825356619117451,0.025196640447940274,0.006399146780429276,0.06512890094979648,2.584824793780018,0.003923487000382352,1.0427141886645401
frozenset({'spaghetti'}),"frozenset({'pancakes', 'ground beef'})",0.17411011865084655,0.014531395813891481,0.006399146780429276,0.036753445635528334,2.5292439973586975,0.003869083731110216,1.0230699499738136
frozenset({'burgers'}),frozenset({'ham'}),0.0871883748833489,0.026529796027196375,0.005599253432875617,0.06422018348623852,2.4206813885943474,0.003286163631277639,1.0402769826768195
frozenset({'ham'}),frozenset({'burgers'}),0.026529796027196375,0.0871883748833489,0.005599253432875617,0.21105527638190955,2.420681388594348,0.003286163631277639,1.1570032700523158
frozenset({'grated cheese'}),frozenset({'ground beef'}),0.0523930142647647,0.09825356619117451,0.011331822423676844,0.2162849872773537,2.201294015695292,0.006184021928658635,1.1506050275547675
frozenset({'ground beef'}),frozenset({'grated cheese'}),0.09825356619117451,0.0523930142647647,0.011331822423676844,0.1153324287652646,2.201294015695292,0.006184021928658635,1.0711447062682031
"frozenset({'mineral water', 'grated cheese'})",frozenset({'spaghetti'}),0.0174643380882549,0.17411011865084655,0.006265831222503666,0.35877862595419846,2.060642016295898,0.0032251132457991067,1.2879949340087988
"frozenset({'mineral water', 'spaghetti'})",frozenset({'grated cheese'}),0.05972536995067324,0.0523930142647647,0.006265831222503666,0.10491071428571429,2.002379816430389,0.003136639062709694,1.0586731411705372
frozenset({'grated cheese'}),"frozenset({'mineral water', 'spaghetti'})",0.0523930142647647,0.05972536995067324,0.006265831222503666,0.11959287531806616,2.002379816430389,0.003136639062709694,1.0679997965589174
frozenset({'spaghetti'}),"frozenset({'mineral water', 'grated cheese'})",0.17411011865084655,0.0174643380882549,0.006265831222503666,0.03598774885145482,2.060642016295898,0.0032251132457991067,1.0192149121975689
"frozenset({'grated cheese', 'ground beef'})",frozenset({'spaghetti'}),0.011331822423676844,0.17411011865084655,0.005332622317024397,0.47058823529411764,2.7028195658048824,0.003359637370307698,1.5600142203261786
"frozenset({'spaghetti', 'ground beef'})",frozenset({'grated cheese'}),0.03919477403012932,0.0523930142647647,0.005332622317024397,0.13605442176870747,2.596804625157951,0.0032790899621596026,1.096836432307713
"frozenset({'grated cheese', 'spaghetti'})",frozenset({'ground beef'}),0.01653112918277563,0.09825356619117451,0.005332622317024397,0.3225806451612903,3.283144395325426,0.003708379921649695,1.3311494975273137
frozenset({'ground beef'}),"frozenset({'grated cheese', 'spaghetti'})",0.09825356619117451,0.01653112918277563,0.005332622317024397,0.054274084124830396,3.283144395325426,0.003708379921649695,1.039908978181197
frozenset({'grated cheese'}),"frozenset({'spaghetti', 'ground beef'})",0.0523930142647647,0.03919477403012932,0.005332622317024397,0.10178117048346055,2.596804625157951,0.0032790899621596026,1.0696783393942186
frozenset({'spaghetti'}),"frozenset({'grated cheese', 'ground beef'})",0.17411011865084655,0.011331822423676844,0.005332622317024397,0.030627871362940276,2.7028195658048824,0.003359637370307698,1.0199057187319733
"frozenset({'mineral water', 'grated cheese'})",frozenset({'ground beef'}),0.0174643380882549,0.09825356619117451,0.005065991201173177,0.2900763358778626,2.9523237386972148,0.003350057702833774,1.2702019659027541
"frozenset({'mineral water', 'ground beef'})",frozenset({'grated cheese'}),0.040927876283162246,0.0523930142647647,0.005065991201173177,0.1237785016286645,2.362500103604612,0.0029216563952429325,1.0814696826048968
frozenset({'grated cheese'}),"frozenset({'mineral water', 'ground beef'})",0.0523930142647647,0.040927876283162246,0.005065991201173177,0.09669211195928754,2.362500103604612,0.0029216563952429325,1.061733365128781
frozenset({'ground beef'}),"frozenset({'mineral water', 'grated cheese'})",0.09825356619117451,0.0174643380882549,0.005065991201173177,0.051560379918588875,2.9523237386972148,0.003350057702833774,1.0359496177810532
frozenset({'chicken'}),frozenset({'fresh bread'}),0.05999200106652446,0.043060925209972005,0.005199306759098787,0.08666666666666667,2.0126522187822498,0.0026159956879766165,1.0477435125438264
frozenset({'fresh bread'}),frozenset({'chicken'}),0.043060925209972005,0.05999200106652446,0.005199306759098787,0.12074303405572756,2.0126522187822498,0.0026159956879766165,1.069093604420819
frozenset({'frozen vegetables'}),frozenset({'parmesan cheese'}),0.09532062391681109,0.01986401813091588,0.005465937874950006,0.05734265734265734,2.886760219646125,0.003572487273216257,1.0397584970866396
frozenset({'parmesan cheese'}),frozenset({'frozen vegetables'}),0.01986401813091588,0.09532062391681109,0.005465937874950006,0.27516778523489926,2.886760219646125,0.003572487273216257,1.2481224725592142
frozenset({'ground beef'}),frozenset({'spaghetti'}),0.09825356619117451,0.17411011865084655,0.03919477403012932,0.3989145183175034,2.291162176033379,0.022087833962715117,1.3739973872558149
frozenset({'spaghetti'}),frozenset({'ground beef'}),0.17411011865084655,0.09825356619117451,0.03919477403012932,0.22511485451761104,2.2911621760333793,0.022087833962715117,1.1637162475833263
"frozenset({'mineral water', 'ground beef'})",frozenset({'spaghetti'}),0.040927876283162246,0.17411011865084655,0.017064391414478068,0.41693811074918563,2.3946805273580716,0.009938434018689522,1.416470355163073
"frozenset({'mineral water', 'spaghetti'})",frozenset({'ground beef'}),0.05972536995067324,0.09825356619117451,0.017064391414478068,0.2857142857142857,2.90792789300252,0.01119616082473721,1.2624450073323557
frozenset({'ground beef'}),"frozenset({'mineral water', 'spaghetti'})",0.09825356619117451,0.05972536995067324,0.017064391414478068,0.17367706919945725,2.90792789300252,0.01119616082473721,1.1379021384997599
frozenset({'spaghetti'}),"frozenset({'mineral water', 'ground beef'})",0.17411011865084655,0.040927876283162246,0.017064391414478068,0.09800918836140887,2.3946805273580716,0.009938434018689522,1.063283695733608
"frozenset({'mineral water', 'ground beef'})",frozenset({'milk'}),0.040927876283162246,0.12958272230369283,0.011065191307825623,0.2703583061889251,2.0863761879867564,0.005761645680944714,1.1929379654141352
"frozenset({'mineral water', 'milk'})",frozenset({'ground beef'}),0.04799360085321957,0.09825356619117451,0.011065191307825623,0.23055555555555557,2.3465362581034226,0.0063496488696410044,1.1719448237226613
"frozenset({'milk', 'ground beef'})",frozenset({'mineral water'}),0.021997067057725635,0.23836821757099053,0.011065191307825623,0.503030303030303,2.1103077757440176,0.00582178964148601,1.5325517573266656
frozenset({'mineral water'}),"frozenset({'milk', 'ground beef'})",0.23836821757099053,0.021997067057725635,0.011065191307825623,0.046420581655480984,2.1103077757440176,0.00582178964148601,1.0256124598831593
frozenset({'ground beef'}),"frozenset({'mineral water', 'milk'})",0.09825356619117451,0.04799360085321957,0.011065191307825623,0.11261872455902307,2.3465362581034226,0.0063496488696410044,1.0728267831363565
frozenset({'milk'}),"frozenset({'mineral water', 'ground beef'})",0.12958272230369283,0.040927876283162246,0.011065191307825623,0.08539094650205761,2.0863761879867564,0.005761645680944714,1.0486142904980498
"frozenset({'ground beef', 'milk'})",frozenset({'spaghetti'}),0.021997067057725635,0.17411011865084655,0.009732035728569524,0.44242424242424244,2.5410599099726205,0.005902123773178286,1.4812155480718512
"frozenset({'spaghetti', 'milk'})",frozenset({'ground beef'}),0.03546193840821224,0.09825356619117451,0.009732035728569524,0.2744360902255639,2.7931412656471575,0.006247773815910889,1.2428215098090547
frozenset({'ground beef'}),"frozenset({'spaghetti', 'milk'})",0.09825356619117451,0.03546193840821224,0.009732035728569524,0.09905020352781548,2.7931412656471575,0.006247773815910889,1.070579143664379
frozenset({'spaghetti'}),"frozenset({'ground beef', 'milk'})",0.17411011865084655,0.021997067057725635,0.009732035728569524,0.055895865237366005,2.5410599099726205,0.005902123773178286,1.0359057829867075
"frozenset({'chocolate', 'ground beef'})",frozenset({'milk'}),0.023063591521130515,0.12958272230369283,0.0061325156645780565,0.26589595375722547,2.051939865363116,0.003143872689169596,1.1856865278855206
frozenset({'milk'}),"frozenset({'chocolate', 'ground beef'})",0.12958272230369283,0.023063591521130515,0.0061325156645780565,0.04732510288065844,2.0519398653631153,0.003143872689169596,1.025466726826632
"frozenset({'mineral water', 'chocolate'})",frozenset({'ground beef'}),0.05265964538061592,0.09825356619117451,0.010931875749900012,0.20759493670886073,2.112848874156261,0.005757877796891889,1.1379867135926072
frozenset({'ground beef'}),"frozenset({'mineral water', 'chocolate'})",0.09825356619117451,0.05265964538061592,0.010931875749900012,0.1112618724559023,2.112848874156261,0.005757877796891889,1.0659386890908182
"frozenset({'chocolate', 'ground beef'})",frozenset({'spaghetti'}),0.023063591521130515,0.17411011865084655,0.009198773496867084,0.3988439306358382,2.290756756278271,0.005183168840608392,1.3738360526288804
"frozenset({'chocolate', 'spaghetti'})",frozenset({'ground beef'}),0.03919477403012932,0.09825356619117451,0.009198773496867084,0.2346938775510204,2.3886550549663554,0.005347747172349646,1.1782820068435318
frozenset({'ground beef'}),"frozenset({'chocolate', 'spaghetti'})",0.09825356619117451,0.03919477403012932,0.009198773496867084,0.09362279511533243,2.3886550549663554,0.005347747172349646,1.0600500771553814
frozenset({'spaghetti'}),"frozenset({'chocolate', 'ground beef'})",0.17411011865084655,0.023063591521130515,0.009198773496867084,0.052833078101071976,2.290756756278271,0.005183168840608392,1.0314300319105931
"frozenset({'green tea', 'ground beef'})",frozenset({'spaghetti'}),0.014798026929742702,0.17411011865084655,0.006399146780429276,0.43243243243243246,2.483672033442325,0.003822660555893352,1.4551393147580323
"frozenset({'green tea', 'spaghetti'})",frozenset({'ground beef'}),0.026529796027196375,0.09825356619117451,0.006399146780429276,0.24120603015075376,2.454934100625243,0.003792499710432779,1.1883943068076572
frozenset({'ground beef'}),"frozenset({'green tea', 'spaghetti'})",0.09825356619117451,0.026529796027196375,0.006399146780429276,0.06512890094979648,2.454934100625243,0.003792499710432779,1.0412881572249002
frozenset({'spaghetti'}),"frozenset({'green tea', 'ground beef'})",0.17411011865084655,0.014798026929742702,0.006399146780429276,0.036753445635528334,2.4836720334423243,0.003822660555893352,1.0227931453336692
"frozenset({'chocolate', 'eggs'})",frozenset({'ground beef'}),0.03319557392347687,0.09825356619117451,0.006532462338354886,0.19678714859437751,2.002849934337077,0.003270878818610525,1.1226743100919878
frozenset({'ground beef'}),"frozenset({'chocolate', 'eggs'})",0.09825356619117451,0.03319557392347687,0.006532462338354886,0.06648575305291723,2.002849934337077,0.003270878818610525,1.0356611366546478
"frozenset({'mineral water', 'eggs'})",frozenset({'ground beef'}),0.05092654312758299,0.09825356619117451,0.010131982402346354,0.19895287958115182,2.02489219774521,0.005128267926272675,1.1257096003757232
"frozenset({'eggs', 'ground beef'})",frozenset({'mineral water'}),0.019997333688841486,0.23836821757099053,0.010131982402346354,0.5066666666666667,2.125563012677107,0.005365253614764888,1.5438482076263709
frozenset({'mineral water'}),"frozenset({'eggs', 'ground beef'})",0.23836821757099053,0.019997333688841486,0.010131982402346354,0.042505592841163314,2.125563012677107,0.005365253614764888,1.023507457572635
frozenset({'ground beef'}),"frozenset({'mineral water', 'eggs'})",0.09825356619117451,0.05092654312758299,0.010131982402346354,0.10312075983717775,2.0248921977452103,0.005128267926272675,1.0581953671936026
"frozenset({'eggs', 'ground beef'})",frozenset({'spaghetti'}),0.019997333688841486,0.17411011865084655,0.008932142381015865,0.4466666666666667,2.565426237876468,0.005450404239751103,1.492572074727386
"frozenset({'eggs', 'spaghetti'})",frozenset({'ground beef'}),0.036528462871617116,0.09825356619117451,0.008932142381015865,0.2445255474452555,2.4887193098871934,0.005343090636397573,1.1936160524812471
frozenset({'ground beef'}),"frozenset({'eggs', 'spaghetti'})",0.09825356619117451,0.036528462871617116,0.008932142381015865,0.09090909090909093,2.488719309887194,0.005343090636397573,1.0598186908412213
frozenset({'spaghetti'}),"frozenset({'eggs', 'ground beef'})",0.17411011865084655,0.019997333688841486,0.008932142381015865,0.05130168453292497,2.5654262378764683,0.005450404239751103,1.0329971607767336
"frozenset({'eggs', 'ground beef'})",frozenset({'milk'}),0.019997333688841486,0.12958272230369283,0.005865884548726837,0.29333333333333333,2.2636762688614542,0.003274575610511409,1.2317225627777932
frozenset({'milk'}),"frozenset({'eggs', 'ground beef'})",0.12958272230369283,0.019997333688841486,0.005865884548726837,0.04526748971193416,2.2636762688614542,0.003274575610511409,1.0264683099724634
"frozenset({'french fries', 'ground beef'})",frozenset({'spaghetti'}),0.01386481802426343,0.17411011865084655,0.005599253432875617,0.40384615384615385,2.319486983154671,0.003185248321598715,1.3853636719405154
"frozenset({'french fries', 'spaghetti'})",frozenset({'ground beef'}),0.027596320490601255,0.09825356619117451,0.005599253432875617,0.20289855072463767,2.065050242856862,0.002887816530919461,1.1312818896874357
frozenset({'ground beef'}),"frozenset({'french fries', 'spaghetti'})",0.09825356619117451,0.027596320490601255,0.005599253432875617,0.05698778833107192,2.065050242856862,0.002887816530919461,1.0311676428754344
frozenset({'spaghetti'}),"frozenset({'french fries', 'ground beef'})",0.17411011865084655,0.01386481802426343,0.005599253432875617,0.03215926493108729,2.319486983154671,0.003185248321598715,1.0189023320097406
"frozenset({'mineral water', 'escalope'})",frozenset({'chocolate'}),0.017064391414478068,0.1638448206905746,0.005599253432875617,0.32812500000000006,2.00265713995118,0.0028033412813766767,1.2445100343210052
frozenset({'chocolate'}),"frozenset({'mineral water', 'escalope'})",0.1638448206905746,0.017064391414478068,0.005599253432875617,0.03417412530512612,2.00265713995118,0.0028033412813766767,1.0177151330679077
frozenset({'herb & pepper'}),frozenset({'ground beef'}),0.04946007199040128,0.09825356619117451,0.015997866951073192,0.3234501347708895,3.2919938411349285,0.011138238493944044,1.3328602667054752
frozenset({'ground beef'}),frozenset({'herb & pepper'}),0.09825356619117451,0.04946007199040128,0.015997866951073192,0.1628222523744912,3.291993841134928,0.011138238493944044,1.1354099302156795
frozenset({'grated cheese'}),frozenset({'herb & pepper'}),0.0523930142647647,0.04946007199040128,0.006532462338354886,0.12468193384223919,2.5208603389505018,0.003941100081025503,1.0859366038016636
frozenset({'herb & pepper'}),frozenset({'grated cheese'}),0.04946007199040128,0.0523930142647647,0.006532462338354886,0.1320754716981132,2.5208603389505018,0.003941100081025503,1.0918080487819015
frozenset({'cooking oil'}),frozenset({'herb & pepper'}),0.0510598586855086,0.04946007199040128,0.005332622317024397,0.10443864229765012,2.111574813678365,0.0028071980306194253,1.0613900653868114
frozenset({'herb & pepper'}),frozenset({'cooking oil'}),0.04946007199040128,0.0510598586855086,0.005332622317024397,0.10781671159029649,2.111574813678365,0.0028071980306194253,1.0636156870926776
"frozenset({'mineral water', 'herb & pepper'})",frozenset({'ground beef'}),0.017064391414478068,0.09825356619117451,0.006665777896280496,0.39062500000000006,3.975682666214383,0.004989140584925966,1.4797890195837136
"frozenset({'mineral water', 'ground beef'})",frozenset({'herb & pepper'}),0.040927876283162246,0.04946007199040128,0.006665777896280496,0.16286644951140067,3.2928874333827935,0.004641482188901054,1.1354698750931784
frozenset({'herb & pepper'}),"frozenset({'mineral water', 'ground beef'})",0.04946007199040128,0.040927876283162246,0.006665777896280496,0.1347708894878706,3.292887433382793,0.004641482188901054,1.1084603049811428
frozenset({'ground beef'}),"frozenset({'mineral water', 'herb & pepper'})",0.09825356619117451,0.017064391414478068,0.006665777896280496,0.067842605156038,3.9756826662143836,0.004989140584925966,1.0544738624854872
"frozenset({'herb & pepper', 'ground beef'})",frozenset({'spaghetti'}),0.015997866951073192,0.17411011865084655,0.006399146780429276,0.39999999999999997,2.29739663093415,0.0036137562674174663,1.3764831355819223
"frozenset({'spaghetti', 'ground beef'})",frozenset({'herb & pepper'}),0.03919477403012932,0.04946007199040128,0.006399146780429276,0.163265306122449,3.3009516475053635,0.00446057043525157,1.1360111334748864
"frozenset({'herb & pepper', 'spaghetti'})",frozenset({'ground beef'}),0.01626449806692441,0.09825356619117451,0.006399146780429276,0.3934426229508197,4.004359721511667,0.004801101843044489,1.486663039522658
frozenset({'ground beef'}),"frozenset({'herb & pepper', 'spaghetti'})",0.09825356619117451,0.01626449806692441,0.006399146780429276,0.06512890094979648,4.004359721511667,0.004801101843044489,1.052268599310126
frozenset({'herb & pepper'}),"frozenset({'spaghetti', 'ground beef'})",0.04946007199040128,0.03919477403012932,0.006399146780429276,0.1293800539083558,3.3009516475053635,0.00446057043525157,1.1035874267331953
frozenset({'spaghetti'}),"frozenset({'herb & pepper', 'ground beef'})",0.17411011865084655,0.015997866951073192,0.006399146780429276,0.036753445635528334,2.2973966309341503,0.0036137562674174663,1.0215475244530194
"frozenset({'mineral water', 'eggs'})",frozenset({'herb & pepper'}),0.05092654312758299,0.04946007199040128,0.005332622317024397,0.10471204188481675,2.1171024964366856,0.0028137918277118664,1.0617141885955168
frozenset({'herb & pepper'}),"frozenset({'mineral water', 'eggs'})",0.04946007199040128,0.05092654312758299,0.005332622317024397,0.10781671159029649,2.1171024964366856,0.0028137918277118664,1.0637651132920445
"frozenset({'mineral water', 'herb & pepper'})",frozenset({'spaghetti'}),0.017064391414478068,0.17411011865084655,0.005999200106652446,0.3515625,2.0191962576569678,0.0030281168927731826,1.273661503767369
"frozenset({'mineral water', 'spaghetti'})",frozenset({'herb & pepper'}),0.05972536995067324,0.04946007199040128,0.005999200106652446,0.10044642857142858,2.0308589237581827,0.003045179009238798,1.056679622204219
frozenset({'herb & pepper'}),"frozenset({'mineral water', 'spaghetti'})",0.04946007199040128,0.05972536995067324,0.005999200106652446,0.12129380053908355,2.030858923758182,0.003045179009238798,1.0700671403322093
frozenset({'spaghetti'}),"frozenset({'mineral water', 'herb & pepper'})",0.17411011865084655,0.017064391414478068,0.005999200106652446,0.03445635528330781,2.0191962576569678,0.0030281168927731826,1.0180126128570117
frozenset({'tomato sauce'}),frozenset({'spaghetti'}),0.014131449140114652,0.17411011865084655,0.006265831222503666,0.4433962264150943,2.546642491837383,0.0038054029360099005,1.4838021597120383
frozenset({'spaghetti'}),frozenset({'tomato sauce'}),0.17411011865084655,0.014131449140114652,0.006265831222503666,0.03598774885145482,2.546642491837383,0.0038054029360099005,1.0226722219404372
frozenset({'tomato sauce'}),frozenset({'ground beef'}),0.014131449140114652,0.09825356619117451,0.005332622317024397,0.3773584905660377,3.840659481324083,0.003944157043558926,1.4482594239959923
frozenset({'ground beef'}),frozenset({'tomato sauce'}),0.09825356619117451,0.014131449140114652,0.005332622317024397,0.054274084124830396,3.840659481324083,0.003944157043558926,1.0424463730039246
frozenset({'chocolate'}),frozenset({'tomato sauce'}),0.1638448206905746,0.014131449140114652,0.005065991201173177,0.030919446704637914,2.1879883936932925,0.002750626450713117,1.0173236347664139
frozenset({'tomato sauce'}),frozenset({'chocolate'}),0.014131449140114652,0.1638448206905746,0.005065991201173177,0.3584905660377358,2.1879883936932925,0.002750626450713117,1.3034183677470452
"frozenset({'mineral water', 'french fries'})",frozenset({'cake'}),0.03372883615517931,0.08105585921877083,0.006399146780429276,0.18972332015810275,2.340649053463699,0.0036652269854220744,1.1341115493543952
frozenset({'cake'}),"frozenset({'mineral water', 'french fries'})",0.08105585921877083,0.03372883615517931,0.006399146780429276,0.07894736842105264,2.340649053463699,0.0036652269854220744,1.0490944064600911
"frozenset({'chocolate', 'cake'})",frozenset({'spaghetti'}),0.013598186908412212,0.17411011865084655,0.005199306759098787,0.3823529411764706,2.1960408972164673,0.0028317248230387486,1.3371550459938675
frozenset({'spaghetti'}),"frozenset({'chocolate', 'cake'})",0.17411011865084655,0.013598186908412212,0.005199306759098787,0.029862174578866772,2.1960408972164673,0.0028317248230387486,1.0167646155466563
"frozenset({'milk', 'cake'})",frozenset({'mineral water'}),0.013331555792560993,0.23836821757099053,0.006399146780429276,0.48,2.013691275167785,0.0032213275887082986,1.464676504671172
frozenset({'mineral water'}),"frozenset({'milk', 'cake'})",0.23836821757099053,0.013331555792560993,0.006399146780429276,0.02684563758389262,2.013691275167785,0.0032213275887082986,1.0138868840476443
frozenset({'cereals'}),frozenset({'milk'}),0.025729902679642713,0.12958272230369283,0.007065724570057326,0.2746113989637306,2.119197637476279,0.003731573736220142,1.1999323899670522
frozenset({'milk'}),frozenset({'cereals'}),0.12958272230369283,0.025729902679642713,0.007065724570057326,0.05452674897119342,2.119197637476279,0.003731573736220142,1.0304576002126085
frozenset({'pancakes'}),frozenset({'light mayo'}),0.09505399280095987,0.027196373816824423,0.005465937874950006,0.05750350631136045,2.1143813766740918,0.002880813953953364,1.0321562283758992
frozenset({'light mayo'}),frozenset({'pancakes'}),0.027196373816824423,0.09505399280095987,0.005465937874950006,0.20098039215686272,2.1143813766740918,0.002880813953953364,1.1325704629975717
frozenset({'escalope'}),frozenset({'mushroom cream sauce'}),0.0793227569657379,0.019064124783362217,0.005732568990801226,0.0722689075630252,3.7908326967150496,0.004220350053846084,1.057349358249818
frozenset({'mushroom cream sauce'}),frozenset({'escalope'}),0.019064124783362217,0.0793227569657379,0.005732568990801226,0.3006993006993007,3.790832696715049,0.004220350053846084,1.3165684575389947
frozenset({'mineral water'}),frozenset({'nonfat milk'}),0.23836821757099053,0.010398613518197574,0.005065991201173177,0.021252796420581657,2.0438105891126024,0.002587292231630814,1.0110898737311216
frozenset({'nonfat milk'}),frozenset({'mineral water'}),0.010398613518197574,0.23836821757099053,0.005065991201173177,0.4871794871794871,2.0438105891126024,0.002587292231630814,1.4851819757365683
